[2026-06-03 21:35:02,293] INFO: Started!
[2026-06-03 21:35:02,294] INFO: args:
 - ('comp', 'SR')
 - ('data_train', ['TTBar:/home/alang/ppCodes/part_gp/datasets/JetClass/Pythia/train_100M/TTBar_*.root', 'ZJetsToNuNu:/home/alang/ppCodes/part_gp/datasets/JetClass/Pythia/train_100M/ZJetsToNuNu_*.root'])
 - ('data_val', ['TTBar:/home/alang/ppCodes/part_gp/datasets/JetClass/Pythia/val_5M/TTBar_*.root', 'ZJetsToNuNu:/home/alang/ppCodes/part_gp/datasets/JetClass/Pythia/val_5M/ZJetsToNuNu_*.root'])
 - ('data_test', ['TTBar:/home/alang/ppCodes/part_gp/datasets/JetClass/Pythia/test_20M/TTBar_*.root', 'ZJetsToNuNu:/home/alang/ppCodes/part_gp/datasets/JetClass/Pythia/test_20M/ZJetsToNuNu_*.root'])
 - ('data_config', '/home/alang/ppCodes/part_gp/data_config/JetClass/JetClass_TTBar.yaml')
 - ('data_fraction', 0.01)
 - ('file_fraction', 1.0)
 - ('batch_size', 64)
 - ('num_epochs', 5)
 - ('num_workers', 0)
 - ('optimizer', 'ranger')
 - ('optimizer_option', [])
 - ('start_lr', 0.001)
 - ('final_lr', 0.001)
 - ('lr_scheduler', 'flat+decay')
 - ('model_network', '/home/alang/ppCodes/part_gp/wrappers/part_wrapper.py')
 - ('model_path', '/home/alang/ppCodes/part_gp/outputs/models/TTBar/ParT/ParT_M1-CONTROL_DL_epoch-4_state.pt')
 - ('model_prefix', None)
 - ('log', '/home/alang/ppCodes/part_gp/outputs/logs/TTBar/Surrogate_default_SR_20260603_213449.log')
 - ('metrics_prefix', None)
 - ('figures_prefix', None)
 - ('teacher_network', None)
 - ('teacher_path', None)
 - ('teacher_prefix', None)
 - ('kd_temp', 1)
 - ('kd_anneal', False)
 - ('kd_weight', 1)
 - ('dr_method', 'encoder')
 - ('dr_network', '/home/alang/ppCodes/part_gp/wrappers/vae.py')
 - ('dr_path', '/home/alang/ppCodes/part_gp/outputs/models/TTBar/BVAE/BVAE_M6-BVAE_DR_epoch-4_state.pt')
 - ('alpha', 1.0)
 - ('beta', 4.0)
 - ('gamma', 1.0)
 - ('kl_anneal', False)
 - ('svae_weight', 1.0)
 - ('bit_size', None)
 - ('sr_prefix', '/home/alang/ppCodes/part_gp/outputs/sr_runs/TTBar/Surrogate/Surrogate_default_ParT_BVAE_SR')
 - ('max_size', 40)
 - ('n_iterations', 4560)
 - ('n_populations', 48)
 - ('population_size', 27)
 - ('iteration_cycles', 1520)
 - ('weight_optimize', 0.001)
 - ('parsimony', 0.01)
 - ('sr_loss', 'HuberLoss(1.35)')
 - ('binary_operators', ['+', '-', '*', '/', '^'])
 - ('unary_operators', ['sqrt', 'tanh', 'sin'])
 - ('constraints', {'^': (-1, 1)})
 - ('nested_constraints', {'*': {'tanh': 2}, 'tanh': {'tanh': 0, '^': 1, 'sin': 1}, 'sin': {'sin': 0}})
 - ('sr_annealing', True)
 - ('sr_batching', True)
[2026-06-03 21:35:02,300] INFO: Using 200 files for training, range: (0, 1)
[2026-06-03 21:35:02,300] INFO: Using 10 files for validation, range: (0, 1)
[2026-06-03 21:35:02,308] INFO: [0;37mpreprocess config: {'method': 'manual', 'data_fraction': 0.5, 'params': None}[0m
[2026-06-03 21:35:02,308] INFO: [0;37mselection: None[0m
[2026-06-03 21:35:02,309] INFO: [0;37mtest_time_selection: None[0m
[2026-06-03 21:35:02,309] INFO: [0;37mvar_funcs:
 - ('part_mask', 'ak.ones_like(part_energy)')
 - ('part_pt', 'np.hypot(part_px, part_py)')
 - ('part_pt_log', 'np.log(part_pt)')
 - ('part_e_log', 'np.log(part_energy)')
 - ('part_logptrel', 'np.log(part_pt/jet_pt)')
 - ('part_logerel', 'np.log(part_energy/jet_energy)')
 - ('part_deltaR', 'np.hypot(part_deta, part_dphi)')
 - ('_label_', 'np.argmax(np.stack([ak.to_numpy(label_QCD),ak.to_numpy(label_Tbqq)], axis=1), axis=1)')
 - ('_labelcheck_', 'np.sum(np.stack([ak.to_numpy(label_QCD),ak.to_numpy(label_Tbqq)], axis=1), axis=1)')[0m
[2026-06-03 21:35:02,309] INFO: [0;37minput_names: ('pf_points', 'pf_features', 'pf_vectors', 'pf_mask')[0m
[2026-06-03 21:35:02,309] INFO: [0;37minput_dicts:
 - ('pf_points', ['part_deta', 'part_dphi'])
 - ('pf_features', ['part_pt_log', 'part_e_log', 'part_logptrel', 'part_logerel', 'part_deltaR', 'part_deta', 'part_dphi'])
 - ('pf_vectors', ['part_px', 'part_py', 'part_pz', 'part_energy'])
 - ('pf_mask', ['part_mask'])[0m
[2026-06-03 21:35:02,309] INFO: [0;37minput_shapes:
 - ('pf_points', (-1, 2, 32))
 - ('pf_features', (-1, 7, 32))
 - ('pf_vectors', (-1, 4, 32))
 - ('pf_mask', (-1, 1, 32))[0m
[2026-06-03 21:35:02,309] INFO: [0;37mpreprocess_params:
 - ('part_deta', {'length': 32, 'pad_mode': 'wrap', 'center': None, 'scale': 1, 'min': -5, 'max': 5, 'pad_value': 0})
 - ('part_dphi', {'length': 32, 'pad_mode': 'wrap', 'center': None, 'scale': 1, 'min': -5, 'max': 5, 'pad_value': 0})
 - ('part_pt_log', {'length': 32, 'pad_mode': 'wrap', 'center': 1.7, 'scale': 0.7, 'min': -5, 'max': 5, 'pad_value': 0})
 - ('part_e_log', {'length': 32, 'pad_mode': 'wrap', 'center': 2.0, 'scale': 0.7, 'min': -5, 'max': 5, 'pad_value': 0})
 - ('part_logptrel', {'length': 32, 'pad_mode': 'wrap', 'center': -4.7, 'scale': 0.7, 'min': -5, 'max': 5, 'pad_value': 0})
 - ('part_logerel', {'length': 32, 'pad_mode': 'wrap', 'center': -4.7, 'scale': 0.7, 'min': -5, 'max': 5, 'pad_value': 0})
 - ('part_deltaR', {'length': 32, 'pad_mode': 'wrap', 'center': 0.2, 'scale': 4.0, 'min': -5, 'max': 5, 'pad_value': 0})
 - ('part_px', {'length': 32, 'pad_mode': 'wrap', 'center': None, 'scale': 1, 'min': -5, 'max': 5, 'pad_value': 0})
 - ('part_py', {'length': 32, 'pad_mode': 'wrap', 'center': None, 'scale': 1, 'min': -5, 'max': 5, 'pad_value': 0})
 - ('part_pz', {'length': 32, 'pad_mode': 'wrap', 'center': None, 'scale': 1, 'min': -5, 'max': 5, 'pad_value': 0})
 - ('part_energy', {'length': 32, 'pad_mode': 'wrap', 'center': None, 'scale': 1, 'min': -5, 'max': 5, 'pad_value': 0})
 - ('part_mask', {'length': 32, 'pad_mode': 'constant', 'center': None, 'scale': 1, 'min': -5, 'max': 5, 'pad_value': 0})[0m
[2026-06-03 21:35:02,309] INFO: [0;37mlabel_names: ('_label_',)[0m
[2026-06-03 21:35:02,309] INFO: [0;37mobserver_names: ('jet_pt', 'jet_eta', 'jet_phi', 'jet_energy', 'jet_nparticles', 'jet_sdmass', 'jet_tau1', 'jet_tau2', 'jet_tau3', 'jet_tau4')[0m
[2026-06-03 21:35:02,309] INFO: [0;37mmonitor_variables: ()[0m
[2026-06-03 21:35:02,315] INFO: [0;37mpreprocess config: {'method': 'manual', 'data_fraction': 0.5, 'params': None}[0m
[2026-06-03 21:35:02,315] INFO: [0;37mselection: None[0m
[2026-06-03 21:35:02,316] INFO: [0;37mtest_time_selection: None[0m
[2026-06-03 21:35:02,316] INFO: [0;37mvar_funcs:
 - ('part_mask', 'ak.ones_like(part_energy)')
 - ('part_pt', 'np.hypot(part_px, part_py)')
 - ('part_pt_log', 'np.log(part_pt)')
 - ('part_e_log', 'np.log(part_energy)')
 - ('part_logptrel', 'np.log(part_pt/jet_pt)')
 - ('part_logerel', 'np.log(part_energy/jet_energy)')
 - ('part_deltaR', 'np.hypot(part_deta, part_dphi)')
 - ('_label_', 'np.argmax(np.stack([ak.to_numpy(label_QCD),ak.to_numpy(label_Tbqq)], axis=1), axis=1)')
 - ('_labelcheck_', 'np.sum(np.stack([ak.to_numpy(label_QCD),ak.to_numpy(label_Tbqq)], axis=1), axis=1)')[0m
[2026-06-03 21:35:02,316] INFO: [0;37minput_names: ('pf_points', 'pf_features', 'pf_vectors', 'pf_mask')[0m
[2026-06-03 21:35:02,316] INFO: [0;37minput_dicts:
 - ('pf_points', ['part_deta', 'part_dphi'])
 - ('pf_features', ['part_pt_log', 'part_e_log', 'part_logptrel', 'part_logerel', 'part_deltaR', 'part_deta', 'part_dphi'])
 - ('pf_vectors', ['part_px', 'part_py', 'part_pz', 'part_energy'])
 - ('pf_mask', ['part_mask'])[0m
[2026-06-03 21:35:02,316] INFO: [0;37minput_shapes:
 - ('pf_points', (-1, 2, 32))
 - ('pf_features', (-1, 7, 32))
 - ('pf_vectors', (-1, 4, 32))
 - ('pf_mask', (-1, 1, 32))[0m
[2026-06-03 21:35:02,316] INFO: [0;37mpreprocess_params:
 - ('part_deta', {'length': 32, 'pad_mode': 'wrap', 'center': None, 'scale': 1, 'min': -5, 'max': 5, 'pad_value': 0})
 - ('part_dphi', {'length': 32, 'pad_mode': 'wrap', 'center': None, 'scale': 1, 'min': -5, 'max': 5, 'pad_value': 0})
 - ('part_pt_log', {'length': 32, 'pad_mode': 'wrap', 'center': 1.7, 'scale': 0.7, 'min': -5, 'max': 5, 'pad_value': 0})
 - ('part_e_log', {'length': 32, 'pad_mode': 'wrap', 'center': 2.0, 'scale': 0.7, 'min': -5, 'max': 5, 'pad_value': 0})
 - ('part_logptrel', {'length': 32, 'pad_mode': 'wrap', 'center': -4.7, 'scale': 0.7, 'min': -5, 'max': 5, 'pad_value': 0})
 - ('part_logerel', {'length': 32, 'pad_mode': 'wrap', 'center': -4.7, 'scale': 0.7, 'min': -5, 'max': 5, 'pad_value': 0})
 - ('part_deltaR', {'length': 32, 'pad_mode': 'wrap', 'center': 0.2, 'scale': 4.0, 'min': -5, 'max': 5, 'pad_value': 0})
 - ('part_px', {'length': 32, 'pad_mode': 'wrap', 'center': None, 'scale': 1, 'min': -5, 'max': 5, 'pad_value': 0})
 - ('part_py', {'length': 32, 'pad_mode': 'wrap', 'center': None, 'scale': 1, 'min': -5, 'max': 5, 'pad_value': 0})
 - ('part_pz', {'length': 32, 'pad_mode': 'wrap', 'center': None, 'scale': 1, 'min': -5, 'max': 5, 'pad_value': 0})
 - ('part_energy', {'length': 32, 'pad_mode': 'wrap', 'center': None, 'scale': 1, 'min': -5, 'max': 5, 'pad_value': 0})
 - ('part_mask', {'length': 32, 'pad_mode': 'constant', 'center': None, 'scale': 1, 'min': -5, 'max': 5, 'pad_value': 0})[0m
[2026-06-03 21:35:02,316] INFO: [0;37mlabel_names: ('_label_',)[0m
[2026-06-03 21:35:02,316] INFO: [0;37mobserver_names: ()[0m
[2026-06-03 21:35:02,316] INFO: [0;37mmonitor_variables: ()[0m
[2026-06-03 21:35:02,322] INFO: [0;37mpreprocess config: {'method': 'manual', 'data_fraction': 0.5, 'params': None}[0m
[2026-06-03 21:35:02,322] INFO: [0;37mselection: None[0m
[2026-06-03 21:35:02,322] INFO: [0;37mtest_time_selection: None[0m
[2026-06-03 21:35:02,322] INFO: [0;37mvar_funcs:
 - ('part_mask', 'ak.ones_like(part_energy)')
 - ('part_pt', 'np.hypot(part_px, part_py)')
 - ('part_pt_log', 'np.log(part_pt)')
 - ('part_e_log', 'np.log(part_energy)')
 - ('part_logptrel', 'np.log(part_pt/jet_pt)')
 - ('part_logerel', 'np.log(part_energy/jet_energy)')
 - ('part_deltaR', 'np.hypot(part_deta, part_dphi)')
 - ('_label_', 'np.argmax(np.stack([ak.to_numpy(label_QCD),ak.to_numpy(label_Tbqq)], axis=1), axis=1)')
 - ('_labelcheck_', 'np.sum(np.stack([ak.to_numpy(label_QCD),ak.to_numpy(label_Tbqq)], axis=1), axis=1)')[0m
[2026-06-03 21:35:02,323] INFO: [0;37minput_names: ('pf_points', 'pf_features', 'pf_vectors', 'pf_mask')[0m
[2026-06-03 21:35:02,323] INFO: [0;37minput_dicts:
 - ('pf_points', ['part_deta', 'part_dphi'])
 - ('pf_features', ['part_pt_log', 'part_e_log', 'part_logptrel', 'part_logerel', 'part_deltaR', 'part_deta', 'part_dphi'])
 - ('pf_vectors', ['part_px', 'part_py', 'part_pz', 'part_energy'])
 - ('pf_mask', ['part_mask'])[0m
[2026-06-03 21:35:02,323] INFO: [0;37minput_shapes:
 - ('pf_points', (-1, 2, 32))
 - ('pf_features', (-1, 7, 32))
 - ('pf_vectors', (-1, 4, 32))
 - ('pf_mask', (-1, 1, 32))[0m
[2026-06-03 21:35:02,323] INFO: [0;37mpreprocess_params:
 - ('part_deta', {'length': 32, 'pad_mode': 'wrap', 'center': None, 'scale': 1, 'min': -5, 'max': 5, 'pad_value': 0})
 - ('part_dphi', {'length': 32, 'pad_mode': 'wrap', 'center': None, 'scale': 1, 'min': -5, 'max': 5, 'pad_value': 0})
 - ('part_pt_log', {'length': 32, 'pad_mode': 'wrap', 'center': 1.7, 'scale': 0.7, 'min': -5, 'max': 5, 'pad_value': 0})
 - ('part_e_log', {'length': 32, 'pad_mode': 'wrap', 'center': 2.0, 'scale': 0.7, 'min': -5, 'max': 5, 'pad_value': 0})
 - ('part_logptrel', {'length': 32, 'pad_mode': 'wrap', 'center': -4.7, 'scale': 0.7, 'min': -5, 'max': 5, 'pad_value': 0})
 - ('part_logerel', {'length': 32, 'pad_mode': 'wrap', 'center': -4.7, 'scale': 0.7, 'min': -5, 'max': 5, 'pad_value': 0})
 - ('part_deltaR', {'length': 32, 'pad_mode': 'wrap', 'center': 0.2, 'scale': 4.0, 'min': -5, 'max': 5, 'pad_value': 0})
 - ('part_px', {'length': 32, 'pad_mode': 'wrap', 'center': None, 'scale': 1, 'min': -5, 'max': 5, 'pad_value': 0})
 - ('part_py', {'length': 32, 'pad_mode': 'wrap', 'center': None, 'scale': 1, 'min': -5, 'max': 5, 'pad_value': 0})
 - ('part_pz', {'length': 32, 'pad_mode': 'wrap', 'center': None, 'scale': 1, 'min': -5, 'max': 5, 'pad_value': 0})
 - ('part_energy', {'length': 32, 'pad_mode': 'wrap', 'center': None, 'scale': 1, 'min': -5, 'max': 5, 'pad_value': 0})
 - ('part_mask', {'length': 32, 'pad_mode': 'constant', 'center': None, 'scale': 1, 'min': -5, 'max': 5, 'pad_value': 0})[0m
[2026-06-03 21:35:02,323] INFO: [0;37mlabel_names: ('_label_',)[0m
[2026-06-03 21:35:02,323] INFO: [0;37mobserver_names: ('jet_pt', 'jet_eta', 'jet_phi', 'jet_energy', 'jet_nparticles', 'jet_sdmass', 'jet_tau1', 'jet_tau2', 'jet_tau3', 'jet_tau4')[0m
[2026-06-03 21:35:02,323] INFO: [0;37mmonitor_variables: ()[0m
[2026-06-03 21:35:02,329] INFO: [0;37mpreprocess config: {'method': 'manual', 'data_fraction': 0.5, 'params': None}[0m
[2026-06-03 21:35:02,329] INFO: [0;37mselection: None[0m
[2026-06-03 21:35:02,329] INFO: [0;37mtest_time_selection: None[0m
[2026-06-03 21:35:02,329] INFO: [0;37mvar_funcs:
 - ('part_mask', 'ak.ones_like(part_energy)')
 - ('part_pt', 'np.hypot(part_px, part_py)')
 - ('part_pt_log', 'np.log(part_pt)')
 - ('part_e_log', 'np.log(part_energy)')
 - ('part_logptrel', 'np.log(part_pt/jet_pt)')
 - ('part_logerel', 'np.log(part_energy/jet_energy)')
 - ('part_deltaR', 'np.hypot(part_deta, part_dphi)')
 - ('_label_', 'np.argmax(np.stack([ak.to_numpy(label_QCD),ak.to_numpy(label_Tbqq)], axis=1), axis=1)')
 - ('_labelcheck_', 'np.sum(np.stack([ak.to_numpy(label_QCD),ak.to_numpy(label_Tbqq)], axis=1), axis=1)')[0m
[2026-06-03 21:35:02,329] INFO: [0;37minput_names: ('pf_points', 'pf_features', 'pf_vectors', 'pf_mask')[0m
[2026-06-03 21:35:02,329] INFO: [0;37minput_dicts:
 - ('pf_points', ['part_deta', 'part_dphi'])
 - ('pf_features', ['part_pt_log', 'part_e_log', 'part_logptrel', 'part_logerel', 'part_deltaR', 'part_deta', 'part_dphi'])
 - ('pf_vectors', ['part_px', 'part_py', 'part_pz', 'part_energy'])
 - ('pf_mask', ['part_mask'])[0m
[2026-06-03 21:35:02,329] INFO: [0;37minput_shapes:
 - ('pf_points', (-1, 2, 32))
 - ('pf_features', (-1, 7, 32))
 - ('pf_vectors', (-1, 4, 32))
 - ('pf_mask', (-1, 1, 32))[0m
[2026-06-03 21:35:02,330] INFO: [0;37mpreprocess_params:
 - ('part_deta', {'length': 32, 'pad_mode': 'wrap', 'center': None, 'scale': 1, 'min': -5, 'max': 5, 'pad_value': 0})
 - ('part_dphi', {'length': 32, 'pad_mode': 'wrap', 'center': None, 'scale': 1, 'min': -5, 'max': 5, 'pad_value': 0})
 - ('part_pt_log', {'length': 32, 'pad_mode': 'wrap', 'center': 1.7, 'scale': 0.7, 'min': -5, 'max': 5, 'pad_value': 0})
 - ('part_e_log', {'length': 32, 'pad_mode': 'wrap', 'center': 2.0, 'scale': 0.7, 'min': -5, 'max': 5, 'pad_value': 0})
 - ('part_logptrel', {'length': 32, 'pad_mode': 'wrap', 'center': -4.7, 'scale': 0.7, 'min': -5, 'max': 5, 'pad_value': 0})
 - ('part_logerel', {'length': 32, 'pad_mode': 'wrap', 'center': -4.7, 'scale': 0.7, 'min': -5, 'max': 5, 'pad_value': 0})
 - ('part_deltaR', {'length': 32, 'pad_mode': 'wrap', 'center': 0.2, 'scale': 4.0, 'min': -5, 'max': 5, 'pad_value': 0})
 - ('part_px', {'length': 32, 'pad_mode': 'wrap', 'center': None, 'scale': 1, 'min': -5, 'max': 5, 'pad_value': 0})
 - ('part_py', {'length': 32, 'pad_mode': 'wrap', 'center': None, 'scale': 1, 'min': -5, 'max': 5, 'pad_value': 0})
 - ('part_pz', {'length': 32, 'pad_mode': 'wrap', 'center': None, 'scale': 1, 'min': -5, 'max': 5, 'pad_value': 0})
 - ('part_energy', {'length': 32, 'pad_mode': 'wrap', 'center': None, 'scale': 1, 'min': -5, 'max': 5, 'pad_value': 0})
 - ('part_mask', {'length': 32, 'pad_mode': 'constant', 'center': None, 'scale': 1, 'min': -5, 'max': 5, 'pad_value': 0})[0m
[2026-06-03 21:35:02,330] INFO: [0;37mlabel_names: ('_label_',)[0m
[2026-06-03 21:35:02,330] INFO: [0;37mobserver_names: ()[0m
[2026-06-03 21:35:02,330] INFO: [0;37mmonitor_variables: ()[0m
[2026-06-03 21:35:02,339] INFO: [0;37mpreprocess config: {'method': 'manual', 'data_fraction': 0.5, 'params': None}[0m
[2026-06-03 21:35:02,339] INFO: [0;37mselection: None[0m
[2026-06-03 21:35:02,339] INFO: [0;37mtest_time_selection: None[0m
[2026-06-03 21:35:02,339] INFO: [0;37mvar_funcs:
 - ('part_mask', 'ak.ones_like(part_energy)')
 - ('part_pt', 'np.hypot(part_px, part_py)')
 - ('part_pt_log', 'np.log(part_pt)')
 - ('part_e_log', 'np.log(part_energy)')
 - ('part_logptrel', 'np.log(part_pt/jet_pt)')
 - ('part_logerel', 'np.log(part_energy/jet_energy)')
 - ('part_deltaR', 'np.hypot(part_deta, part_dphi)')
 - ('_label_', 'np.argmax(np.stack([ak.to_numpy(label_QCD),ak.to_numpy(label_Tbqq)], axis=1), axis=1)')
 - ('_labelcheck_', 'np.sum(np.stack([ak.to_numpy(label_QCD),ak.to_numpy(label_Tbqq)], axis=1), axis=1)')[0m
[2026-06-03 21:35:02,340] INFO: [0;37minput_names: ('pf_points', 'pf_features', 'pf_vectors', 'pf_mask')[0m
[2026-06-03 21:35:02,340] INFO: [0;37minput_dicts:
 - ('pf_points', ['part_deta', 'part_dphi'])
 - ('pf_features', ['part_pt_log', 'part_e_log', 'part_logptrel', 'part_logerel', 'part_deltaR', 'part_deta', 'part_dphi'])
 - ('pf_vectors', ['part_px', 'part_py', 'part_pz', 'part_energy'])
 - ('pf_mask', ['part_mask'])[0m
[2026-06-03 21:35:02,340] INFO: [0;37minput_shapes:
 - ('pf_points', (-1, 2, 32))
 - ('pf_features', (-1, 7, 32))
 - ('pf_vectors', (-1, 4, 32))
 - ('pf_mask', (-1, 1, 32))[0m
[2026-06-03 21:35:02,340] INFO: [0;37mpreprocess_params:
 - ('part_deta', {'length': 32, 'pad_mode': 'wrap', 'center': None, 'scale': 1, 'min': -5, 'max': 5, 'pad_value': 0})
 - ('part_dphi', {'length': 32, 'pad_mode': 'wrap', 'center': None, 'scale': 1, 'min': -5, 'max': 5, 'pad_value': 0})
 - ('part_pt_log', {'length': 32, 'pad_mode': 'wrap', 'center': 1.7, 'scale': 0.7, 'min': -5, 'max': 5, 'pad_value': 0})
 - ('part_e_log', {'length': 32, 'pad_mode': 'wrap', 'center': 2.0, 'scale': 0.7, 'min': -5, 'max': 5, 'pad_value': 0})
 - ('part_logptrel', {'length': 32, 'pad_mode': 'wrap', 'center': -4.7, 'scale': 0.7, 'min': -5, 'max': 5, 'pad_value': 0})
 - ('part_logerel', {'length': 32, 'pad_mode': 'wrap', 'center': -4.7, 'scale': 0.7, 'min': -5, 'max': 5, 'pad_value': 0})
 - ('part_deltaR', {'length': 32, 'pad_mode': 'wrap', 'center': 0.2, 'scale': 4.0, 'min': -5, 'max': 5, 'pad_value': 0})
 - ('part_px', {'length': 32, 'pad_mode': 'wrap', 'center': None, 'scale': 1, 'min': -5, 'max': 5, 'pad_value': 0})
 - ('part_py', {'length': 32, 'pad_mode': 'wrap', 'center': None, 'scale': 1, 'min': -5, 'max': 5, 'pad_value': 0})
 - ('part_pz', {'length': 32, 'pad_mode': 'wrap', 'center': None, 'scale': 1, 'min': -5, 'max': 5, 'pad_value': 0})
 - ('part_energy', {'length': 32, 'pad_mode': 'wrap', 'center': None, 'scale': 1, 'min': -5, 'max': 5, 'pad_value': 0})
 - ('part_mask', {'length': 32, 'pad_mode': 'constant', 'center': None, 'scale': 1, 'min': -5, 'max': 5, 'pad_value': 0})[0m
[2026-06-03 21:35:02,340] INFO: [0;37mlabel_names: ('_label_',)[0m
[2026-06-03 21:35:02,340] INFO: [0;37mobserver_names: ('jet_pt', 'jet_eta', 'jet_phi', 'jet_energy', 'jet_nparticles', 'jet_sdmass', 'jet_tau1', 'jet_tau2', 'jet_tau3', 'jet_tau4')[0m
[2026-06-03 21:35:02,340] INFO: [0;37mmonitor_variables: ()[0m
[2026-06-03 21:35:02,345] INFO: [0;37mpreprocess config: {'method': 'manual', 'data_fraction': 0.5, 'params': None}[0m
[2026-06-03 21:35:02,345] INFO: [0;37mselection: None[0m
[2026-06-03 21:35:02,345] INFO: [0;37mtest_time_selection: None[0m
[2026-06-03 21:35:02,345] INFO: [0;37mvar_funcs:
 - ('part_mask', 'ak.ones_like(part_energy)')
 - ('part_pt', 'np.hypot(part_px, part_py)')
 - ('part_pt_log', 'np.log(part_pt)')
 - ('part_e_log', 'np.log(part_energy)')
 - ('part_logptrel', 'np.log(part_pt/jet_pt)')
 - ('part_logerel', 'np.log(part_energy/jet_energy)')
 - ('part_deltaR', 'np.hypot(part_deta, part_dphi)')
 - ('_label_', 'np.argmax(np.stack([ak.to_numpy(label_QCD),ak.to_numpy(label_Tbqq)], axis=1), axis=1)')
 - ('_labelcheck_', 'np.sum(np.stack([ak.to_numpy(label_QCD),ak.to_numpy(label_Tbqq)], axis=1), axis=1)')[0m
[2026-06-03 21:35:02,345] INFO: [0;37minput_names: ('pf_points', 'pf_features', 'pf_vectors', 'pf_mask')[0m
[2026-06-03 21:35:02,345] INFO: [0;37minput_dicts:
 - ('pf_points', ['part_deta', 'part_dphi'])
 - ('pf_features', ['part_pt_log', 'part_e_log', 'part_logptrel', 'part_logerel', 'part_deltaR', 'part_deta', 'part_dphi'])
 - ('pf_vectors', ['part_px', 'part_py', 'part_pz', 'part_energy'])
 - ('pf_mask', ['part_mask'])[0m
[2026-06-03 21:35:02,345] INFO: [0;37minput_shapes:
 - ('pf_points', (-1, 2, 32))
 - ('pf_features', (-1, 7, 32))
 - ('pf_vectors', (-1, 4, 32))
 - ('pf_mask', (-1, 1, 32))[0m
[2026-06-03 21:35:02,345] INFO: [0;37mpreprocess_params:
 - ('part_deta', {'length': 32, 'pad_mode': 'wrap', 'center': None, 'scale': 1, 'min': -5, 'max': 5, 'pad_value': 0})
 - ('part_dphi', {'length': 32, 'pad_mode': 'wrap', 'center': None, 'scale': 1, 'min': -5, 'max': 5, 'pad_value': 0})
 - ('part_pt_log', {'length': 32, 'pad_mode': 'wrap', 'center': 1.7, 'scale': 0.7, 'min': -5, 'max': 5, 'pad_value': 0})
 - ('part_e_log', {'length': 32, 'pad_mode': 'wrap', 'center': 2.0, 'scale': 0.7, 'min': -5, 'max': 5, 'pad_value': 0})
 - ('part_logptrel', {'length': 32, 'pad_mode': 'wrap', 'center': -4.7, 'scale': 0.7, 'min': -5, 'max': 5, 'pad_value': 0})
 - ('part_logerel', {'length': 32, 'pad_mode': 'wrap', 'center': -4.7, 'scale': 0.7, 'min': -5, 'max': 5, 'pad_value': 0})
 - ('part_deltaR', {'length': 32, 'pad_mode': 'wrap', 'center': 0.2, 'scale': 4.0, 'min': -5, 'max': 5, 'pad_value': 0})
 - ('part_px', {'length': 32, 'pad_mode': 'wrap', 'center': None, 'scale': 1, 'min': -5, 'max': 5, 'pad_value': 0})
 - ('part_py', {'length': 32, 'pad_mode': 'wrap', 'center': None, 'scale': 1, 'min': -5, 'max': 5, 'pad_value': 0})
 - ('part_pz', {'length': 32, 'pad_mode': 'wrap', 'center': None, 'scale': 1, 'min': -5, 'max': 5, 'pad_value': 0})
 - ('part_energy', {'length': 32, 'pad_mode': 'wrap', 'center': None, 'scale': 1, 'min': -5, 'max': 5, 'pad_value': 0})
 - ('part_mask', {'length': 32, 'pad_mode': 'constant', 'center': None, 'scale': 1, 'min': -5, 'max': 5, 'pad_value': 0})[0m
[2026-06-03 21:35:02,345] INFO: [0;37mlabel_names: ('_label_',)[0m
[2026-06-03 21:35:02,346] INFO: [0;37mobserver_names: ('jet_pt', 'jet_eta', 'jet_phi', 'jet_energy', 'jet_nparticles', 'jet_sdmass', 'jet_tau1', 'jet_tau2', 'jet_tau3', 'jet_tau4')[0m
[2026-06-03 21:35:02,346] INFO: [0;37mmonitor_variables: ()[0m
[2026-06-03 21:35:02,346] INFO: Performing Symbolic Regression
[2026-06-03 21:35:02,356] INFO: [0;37mpreprocess config: {'method': 'manual', 'data_fraction': 0.5, 'params': None}[0m
[2026-06-03 21:35:02,356] INFO: [0;37mselection: None[0m
[2026-06-03 21:35:02,356] INFO: [0;37mtest_time_selection: None[0m
[2026-06-03 21:35:02,356] INFO: [0;37mvar_funcs:
 - ('part_mask', 'ak.ones_like(part_energy)')
 - ('part_pt', 'np.hypot(part_px, part_py)')
 - ('part_pt_log', 'np.log(part_pt)')
 - ('part_e_log', 'np.log(part_energy)')
 - ('part_logptrel', 'np.log(part_pt/jet_pt)')
 - ('part_logerel', 'np.log(part_energy/jet_energy)')
 - ('part_deltaR', 'np.hypot(part_deta, part_dphi)')
 - ('_label_', 'np.argmax(np.stack([ak.to_numpy(label_QCD),ak.to_numpy(label_Tbqq)], axis=1), axis=1)')
 - ('_labelcheck_', 'np.sum(np.stack([ak.to_numpy(label_QCD),ak.to_numpy(label_Tbqq)], axis=1), axis=1)')[0m
[2026-06-03 21:35:02,356] INFO: [0;37minput_names: ('pf_points', 'pf_features', 'pf_vectors', 'pf_mask')[0m
[2026-06-03 21:35:02,356] INFO: [0;37minput_dicts:
 - ('pf_points', ['part_deta', 'part_dphi'])
 - ('pf_features', ['part_pt_log', 'part_e_log', 'part_logptrel', 'part_logerel', 'part_deltaR', 'part_deta', 'part_dphi'])
 - ('pf_vectors', ['part_px', 'part_py', 'part_pz', 'part_energy'])
 - ('pf_mask', ['part_mask'])[0m
[2026-06-03 21:35:02,356] INFO: [0;37minput_shapes:
 - ('pf_points', (-1, 2, 32))
 - ('pf_features', (-1, 7, 32))
 - ('pf_vectors', (-1, 4, 32))
 - ('pf_mask', (-1, 1, 32))[0m
[2026-06-03 21:35:02,357] INFO: [0;37mpreprocess_params:
 - ('part_deta', {'length': 32, 'pad_mode': 'wrap', 'center': None, 'scale': 1, 'min': -5, 'max': 5, 'pad_value': 0})
 - ('part_dphi', {'length': 32, 'pad_mode': 'wrap', 'center': None, 'scale': 1, 'min': -5, 'max': 5, 'pad_value': 0})
 - ('part_pt_log', {'length': 32, 'pad_mode': 'wrap', 'center': 1.7, 'scale': 0.7, 'min': -5, 'max': 5, 'pad_value': 0})
 - ('part_e_log', {'length': 32, 'pad_mode': 'wrap', 'center': 2.0, 'scale': 0.7, 'min': -5, 'max': 5, 'pad_value': 0})
 - ('part_logptrel', {'length': 32, 'pad_mode': 'wrap', 'center': -4.7, 'scale': 0.7, 'min': -5, 'max': 5, 'pad_value': 0})
 - ('part_logerel', {'length': 32, 'pad_mode': 'wrap', 'center': -4.7, 'scale': 0.7, 'min': -5, 'max': 5, 'pad_value': 0})
 - ('part_deltaR', {'length': 32, 'pad_mode': 'wrap', 'center': 0.2, 'scale': 4.0, 'min': -5, 'max': 5, 'pad_value': 0})
 - ('part_px', {'length': 32, 'pad_mode': 'wrap', 'center': None, 'scale': 1, 'min': -5, 'max': 5, 'pad_value': 0})
 - ('part_py', {'length': 32, 'pad_mode': 'wrap', 'center': None, 'scale': 1, 'min': -5, 'max': 5, 'pad_value': 0})
 - ('part_pz', {'length': 32, 'pad_mode': 'wrap', 'center': None, 'scale': 1, 'min': -5, 'max': 5, 'pad_value': 0})
 - ('part_energy', {'length': 32, 'pad_mode': 'wrap', 'center': None, 'scale': 1, 'min': -5, 'max': 5, 'pad_value': 0})
 - ('part_mask', {'length': 32, 'pad_mode': 'constant', 'center': None, 'scale': 1, 'min': -5, 'max': 5, 'pad_value': 0})[0m
[2026-06-03 21:35:02,357] INFO: [0;37mlabel_names: ('_label_',)[0m
[2026-06-03 21:35:02,357] INFO: [0;37mobserver_names: ('jet_pt', 'jet_eta', 'jet_phi', 'jet_energy', 'jet_nparticles', 'jet_sdmass', 'jet_tau1', 'jet_tau2', 'jet_tau3', 'jet_tau4')[0m
[2026-06-03 21:35:02,357] INFO: [0;37mmonitor_variables: ()[0m
[2026-06-03 21:35:02,362] INFO: [0;37mpreprocess config: {'method': 'manual', 'data_fraction': 0.5, 'params': None}[0m
[2026-06-03 21:35:02,362] INFO: [0;37mselection: None[0m
[2026-06-03 21:35:02,362] INFO: [0;37mtest_time_selection: None[0m
[2026-06-03 21:35:02,362] INFO: [0;37mvar_funcs:
 - ('part_mask', 'ak.ones_like(part_energy)')
 - ('part_pt', 'np.hypot(part_px, part_py)')
 - ('part_pt_log', 'np.log(part_pt)')
 - ('part_e_log', 'np.log(part_energy)')
 - ('part_logptrel', 'np.log(part_pt/jet_pt)')
 - ('part_logerel', 'np.log(part_energy/jet_energy)')
 - ('part_deltaR', 'np.hypot(part_deta, part_dphi)')
 - ('_label_', 'np.argmax(np.stack([ak.to_numpy(label_QCD),ak.to_numpy(label_Tbqq)], axis=1), axis=1)')
 - ('_labelcheck_', 'np.sum(np.stack([ak.to_numpy(label_QCD),ak.to_numpy(label_Tbqq)], axis=1), axis=1)')[0m
[2026-06-03 21:35:02,363] INFO: [0;37minput_names: ('pf_points', 'pf_features', 'pf_vectors', 'pf_mask')[0m
[2026-06-03 21:35:02,363] INFO: [0;37minput_dicts:
 - ('pf_points', ['part_deta', 'part_dphi'])
 - ('pf_features', ['part_pt_log', 'part_e_log', 'part_logptrel', 'part_logerel', 'part_deltaR', 'part_deta', 'part_dphi'])
 - ('pf_vectors', ['part_px', 'part_py', 'part_pz', 'part_energy'])
 - ('pf_mask', ['part_mask'])[0m
[2026-06-03 21:35:02,363] INFO: [0;37minput_shapes:
 - ('pf_points', (-1, 2, 32))
 - ('pf_features', (-1, 7, 32))
 - ('pf_vectors', (-1, 4, 32))
 - ('pf_mask', (-1, 1, 32))[0m
[2026-06-03 21:35:02,363] INFO: [0;37mpreprocess_params:
 - ('part_deta', {'length': 32, 'pad_mode': 'wrap', 'center': None, 'scale': 1, 'min': -5, 'max': 5, 'pad_value': 0})
 - ('part_dphi', {'length': 32, 'pad_mode': 'wrap', 'center': None, 'scale': 1, 'min': -5, 'max': 5, 'pad_value': 0})
 - ('part_pt_log', {'length': 32, 'pad_mode': 'wrap', 'center': 1.7, 'scale': 0.7, 'min': -5, 'max': 5, 'pad_value': 0})
 - ('part_e_log', {'length': 32, 'pad_mode': 'wrap', 'center': 2.0, 'scale': 0.7, 'min': -5, 'max': 5, 'pad_value': 0})
 - ('part_logptrel', {'length': 32, 'pad_mode': 'wrap', 'center': -4.7, 'scale': 0.7, 'min': -5, 'max': 5, 'pad_value': 0})
 - ('part_logerel', {'length': 32, 'pad_mode': 'wrap', 'center': -4.7, 'scale': 0.7, 'min': -5, 'max': 5, 'pad_value': 0})
 - ('part_deltaR', {'length': 32, 'pad_mode': 'wrap', 'center': 0.2, 'scale': 4.0, 'min': -5, 'max': 5, 'pad_value': 0})
 - ('part_px', {'length': 32, 'pad_mode': 'wrap', 'center': None, 'scale': 1, 'min': -5, 'max': 5, 'pad_value': 0})
 - ('part_py', {'length': 32, 'pad_mode': 'wrap', 'center': None, 'scale': 1, 'min': -5, 'max': 5, 'pad_value': 0})
 - ('part_pz', {'length': 32, 'pad_mode': 'wrap', 'center': None, 'scale': 1, 'min': -5, 'max': 5, 'pad_value': 0})
 - ('part_energy', {'length': 32, 'pad_mode': 'wrap', 'center': None, 'scale': 1, 'min': -5, 'max': 5, 'pad_value': 0})
 - ('part_mask', {'length': 32, 'pad_mode': 'constant', 'center': None, 'scale': 1, 'min': -5, 'max': 5, 'pad_value': 0})[0m
[2026-06-03 21:35:02,363] INFO: [0;37mlabel_names: ('_label_',)[0m
[2026-06-03 21:35:02,363] INFO: [0;37mobserver_names: ()[0m
[2026-06-03 21:35:02,363] INFO: [0;37mmonitor_variables: ()[0m
[2026-06-03 21:35:02,364] INFO: Model config: {'input_dims': 7, 'set_size': 32, 'phi_sizes': (256, 256, 256), 'fc_sizes': (256, 256, 256), 'use_bn': False, 'latent_dim': 8, 'relaxed': True, 'expander_relu': False, 'n_pieces': 20}
[2026-06-03 21:35:02,470] INFO: [0;37mpreprocess config: {'method': 'manual', 'data_fraction': 0.5, 'params': None}[0m
[2026-06-03 21:35:02,470] INFO: [0;37mselection: None[0m
[2026-06-03 21:35:02,470] INFO: [0;37mtest_time_selection: None[0m
[2026-06-03 21:35:02,470] INFO: [0;37mvar_funcs:
 - ('part_mask', 'ak.ones_like(part_energy)')
 - ('part_pt', 'np.hypot(part_px, part_py)')
 - ('part_pt_log', 'np.log(part_pt)')
 - ('part_e_log', 'np.log(part_energy)')
 - ('part_logptrel', 'np.log(part_pt/jet_pt)')
 - ('part_logerel', 'np.log(part_energy/jet_energy)')
 - ('part_deltaR', 'np.hypot(part_deta, part_dphi)')
 - ('_label_', 'np.argmax(np.stack([ak.to_numpy(label_QCD),ak.to_numpy(label_Tbqq)], axis=1), axis=1)')
 - ('_labelcheck_', 'np.sum(np.stack([ak.to_numpy(label_QCD),ak.to_numpy(label_Tbqq)], axis=1), axis=1)')[0m
[2026-06-03 21:35:02,470] INFO: [0;37minput_names: ('pf_points', 'pf_features', 'pf_vectors', 'pf_mask')[0m
[2026-06-03 21:35:02,470] INFO: [0;37minput_dicts:
 - ('pf_points', ['part_deta', 'part_dphi'])
 - ('pf_features', ['part_pt_log', 'part_e_log', 'part_logptrel', 'part_logerel', 'part_deltaR', 'part_deta', 'part_dphi'])
 - ('pf_vectors', ['part_px', 'part_py', 'part_pz', 'part_energy'])
 - ('pf_mask', ['part_mask'])[0m
[2026-06-03 21:35:02,470] INFO: [0;37minput_shapes:
 - ('pf_points', (-1, 2, 32))
 - ('pf_features', (-1, 7, 32))
 - ('pf_vectors', (-1, 4, 32))
 - ('pf_mask', (-1, 1, 32))[0m
[2026-06-03 21:35:02,470] INFO: [0;37mpreprocess_params:
 - ('part_deta', {'length': 32, 'pad_mode': 'wrap', 'center': None, 'scale': 1, 'min': -5, 'max': 5, 'pad_value': 0})
 - ('part_dphi', {'length': 32, 'pad_mode': 'wrap', 'center': None, 'scale': 1, 'min': -5, 'max': 5, 'pad_value': 0})
 - ('part_pt_log', {'length': 32, 'pad_mode': 'wrap', 'center': 1.7, 'scale': 0.7, 'min': -5, 'max': 5, 'pad_value': 0})
 - ('part_e_log', {'length': 32, 'pad_mode': 'wrap', 'center': 2.0, 'scale': 0.7, 'min': -5, 'max': 5, 'pad_value': 0})
 - ('part_logptrel', {'length': 32, 'pad_mode': 'wrap', 'center': -4.7, 'scale': 0.7, 'min': -5, 'max': 5, 'pad_value': 0})
 - ('part_logerel', {'length': 32, 'pad_mode': 'wrap', 'center': -4.7, 'scale': 0.7, 'min': -5, 'max': 5, 'pad_value': 0})
 - ('part_deltaR', {'length': 32, 'pad_mode': 'wrap', 'center': 0.2, 'scale': 4.0, 'min': -5, 'max': 5, 'pad_value': 0})
 - ('part_px', {'length': 32, 'pad_mode': 'wrap', 'center': None, 'scale': 1, 'min': -5, 'max': 5, 'pad_value': 0})
 - ('part_py', {'length': 32, 'pad_mode': 'wrap', 'center': None, 'scale': 1, 'min': -5, 'max': 5, 'pad_value': 0})
 - ('part_pz', {'length': 32, 'pad_mode': 'wrap', 'center': None, 'scale': 1, 'min': -5, 'max': 5, 'pad_value': 0})
 - ('part_energy', {'length': 32, 'pad_mode': 'wrap', 'center': None, 'scale': 1, 'min': -5, 'max': 5, 'pad_value': 0})
 - ('part_mask', {'length': 32, 'pad_mode': 'constant', 'center': None, 'scale': 1, 'min': -5, 'max': 5, 'pad_value': 0})[0m
[2026-06-03 21:35:02,471] INFO: [0;37mlabel_names: ('_label_',)[0m
[2026-06-03 21:35:02,471] INFO: [0;37mobserver_names: ('jet_pt', 'jet_eta', 'jet_phi', 'jet_energy', 'jet_nparticles', 'jet_sdmass', 'jet_tau1', 'jet_tau2', 'jet_tau3', 'jet_tau4')[0m
[2026-06-03 21:35:02,471] INFO: [0;37mmonitor_variables: ()[0m
[2026-06-03 21:35:02,477] INFO: [0;37mpreprocess config: {'method': 'manual', 'data_fraction': 0.5, 'params': None}[0m
[2026-06-03 21:35:02,478] INFO: [0;37mselection: None[0m
[2026-06-03 21:35:02,478] INFO: [0;37mtest_time_selection: None[0m
[2026-06-03 21:35:02,478] INFO: [0;37mvar_funcs:
 - ('part_mask', 'ak.ones_like(part_energy)')
 - ('part_pt', 'np.hypot(part_px, part_py)')
 - ('part_pt_log', 'np.log(part_pt)')
 - ('part_e_log', 'np.log(part_energy)')
 - ('part_logptrel', 'np.log(part_pt/jet_pt)')
 - ('part_logerel', 'np.log(part_energy/jet_energy)')
 - ('part_deltaR', 'np.hypot(part_deta, part_dphi)')
 - ('_label_', 'np.argmax(np.stack([ak.to_numpy(label_QCD),ak.to_numpy(label_Tbqq)], axis=1), axis=1)')
 - ('_labelcheck_', 'np.sum(np.stack([ak.to_numpy(label_QCD),ak.to_numpy(label_Tbqq)], axis=1), axis=1)')[0m
[2026-06-03 21:35:02,478] INFO: [0;37minput_names: ('pf_points', 'pf_features', 'pf_vectors', 'pf_mask')[0m
[2026-06-03 21:35:02,478] INFO: [0;37minput_dicts:
 - ('pf_points', ['part_deta', 'part_dphi'])
 - ('pf_features', ['part_pt_log', 'part_e_log', 'part_logptrel', 'part_logerel', 'part_deltaR', 'part_deta', 'part_dphi'])
 - ('pf_vectors', ['part_px', 'part_py', 'part_pz', 'part_energy'])
 - ('pf_mask', ['part_mask'])[0m
[2026-06-03 21:35:02,478] INFO: [0;37minput_shapes:
 - ('pf_points', (-1, 2, 32))
 - ('pf_features', (-1, 7, 32))
 - ('pf_vectors', (-1, 4, 32))
 - ('pf_mask', (-1, 1, 32))[0m
[2026-06-03 21:35:02,478] INFO: [0;37mpreprocess_params:
 - ('part_deta', {'length': 32, 'pad_mode': 'wrap', 'center': None, 'scale': 1, 'min': -5, 'max': 5, 'pad_value': 0})
 - ('part_dphi', {'length': 32, 'pad_mode': 'wrap', 'center': None, 'scale': 1, 'min': -5, 'max': 5, 'pad_value': 0})
 - ('part_pt_log', {'length': 32, 'pad_mode': 'wrap', 'center': 1.7, 'scale': 0.7, 'min': -5, 'max': 5, 'pad_value': 0})
 - ('part_e_log', {'length': 32, 'pad_mode': 'wrap', 'center': 2.0, 'scale': 0.7, 'min': -5, 'max': 5, 'pad_value': 0})
 - ('part_logptrel', {'length': 32, 'pad_mode': 'wrap', 'center': -4.7, 'scale': 0.7, 'min': -5, 'max': 5, 'pad_value': 0})
 - ('part_logerel', {'length': 32, 'pad_mode': 'wrap', 'center': -4.7, 'scale': 0.7, 'min': -5, 'max': 5, 'pad_value': 0})
 - ('part_deltaR', {'length': 32, 'pad_mode': 'wrap', 'center': 0.2, 'scale': 4.0, 'min': -5, 'max': 5, 'pad_value': 0})
 - ('part_px', {'length': 32, 'pad_mode': 'wrap', 'center': None, 'scale': 1, 'min': -5, 'max': 5, 'pad_value': 0})
 - ('part_py', {'length': 32, 'pad_mode': 'wrap', 'center': None, 'scale': 1, 'min': -5, 'max': 5, 'pad_value': 0})
 - ('part_pz', {'length': 32, 'pad_mode': 'wrap', 'center': None, 'scale': 1, 'min': -5, 'max': 5, 'pad_value': 0})
 - ('part_energy', {'length': 32, 'pad_mode': 'wrap', 'center': None, 'scale': 1, 'min': -5, 'max': 5, 'pad_value': 0})
 - ('part_mask', {'length': 32, 'pad_mode': 'constant', 'center': None, 'scale': 1, 'min': -5, 'max': 5, 'pad_value': 0})[0m
[2026-06-03 21:35:02,479] INFO: [0;37mlabel_names: ('_label_',)[0m
[2026-06-03 21:35:02,479] INFO: [0;37mobserver_names: ()[0m
[2026-06-03 21:35:02,479] INFO: [0;37mmonitor_variables: ()[0m
[2026-06-03 21:35:02,480] INFO: Model config: {'input_dim': 7, 'num_classes': 2, 'pair_input_dim': 4, 'use_pre_activation_pair': False, 'embed_dims': [128, 512, 128], 'pair_embed_dims': [64, 64, 64], 'num_heads': 8, 'num_layers': 4, 'num_cls_layers': 1, 'block_params': None, 'cls_block_params': {'dropout': 0, 'attn_dropout': 0, 'activation_dropout': 0}, 'fc_params': [], 'activation': 'gelu', 'trim': True, 'for_inference': False}
[2026-06-03 21:35:02,480] INFO: cfg_block: {'embed_dim': 128, 'num_heads': 8, 'ffn_ratio': 4, 'dropout': 0.1, 'attn_dropout': 0.1, 'activation_dropout': 0.1, 'add_bias_kv': False, 'activation': 'gelu', 'scale_fc': True, 'scale_attn': True, 'scale_heads': True, 'scale_resids': True}
[2026-06-03 21:35:02,480] INFO: cfg_cls_block: {'embed_dim': 128, 'num_heads': 8, 'ffn_ratio': 4, 'dropout': 0, 'attn_dropout': 0, 'activation_dropout': 0, 'add_bias_kv': False, 'activation': 'gelu', 'scale_fc': True, 'scale_attn': True, 'scale_heads': True, 'scale_resids': True}
[2026-06-03 21:35:03,096] INFO: Restarted DataIter train, load_range=(0.571236096777249, 0.581236096777249), file_list:
{
  "TTBar": [
    "/home/alang/ppCodes/part_gp/datasets/JetClass/Pythia/train_100M/TTBar_000.root",
    "/home/alang/ppCodes/part_gp/datasets/JetClass/Pythia/train_100M/TTBar_001.root",
    "/home/alang/ppCodes/part_gp/datasets/JetClass/Pythia/train_100M/TTBar_002.root",
    "/home/alang/ppCodes/part_gp/datasets/JetClass/Pythia/train_100M/TTBar_003.root",
    "/home/alang/ppCodes/part_gp/datasets/JetClass/Pythia/train_100M/TTBar_004.root",
    "/home/alang/ppCodes/part_gp/datasets/JetClass/Pythia/train_100M/TTBar_005.root",
    "/home/alang/ppCodes/part_gp/datasets/JetClass/Pythia/train_100M/TTBar_006.root",
    "/home/alang/ppCodes/part_gp/datasets/JetClass/Pythia/train_100M/TTBar_007.root",
    "/home/alang/ppCodes/part_gp/datasets/JetClass/Pythia/train_100M/TTBar_008.root",
    "/home/alang/ppCodes/part_gp/datasets/JetClass/Pythia/train_100M/TTBar_009.root",
    "/home/alang/ppCodes/part_gp/datasets/JetClass/Pythia/train_100M/TTBar_010.root",
    "/home/alang/ppCodes/part_gp/datasets/JetClass/Pythia/train_100M/TTBar_011.root",
    "/home/alang/ppCodes/part_gp/datasets/JetClass/Pythia/train_100M/TTBar_012.root",
    "/home/alang/ppCodes/part_gp/datasets/JetClass/Pythia/train_100M/TTBar_013.root",
    "/home/alang/ppCodes/part_gp/datasets/JetClass/Pythia/train_100M/TTBar_014.root",
    "/home/alang/ppCodes/part_gp/datasets/JetClass/Pythia/train_100M/TTBar_015.root",
    "/home/alang/ppCodes/part_gp/datasets/JetClass/Pythia/train_100M/TTBar_016.root",
    "/home/alang/ppCodes/part_gp/datasets/JetClass/Pythia/train_100M/TTBar_017.root",
    "/home/alang/ppCodes/part_gp/datasets/JetClass/Pythia/train_100M/TTBar_018.root",
    "/home/alang/ppCodes/part_gp/datasets/JetClass/Pythia/train_100M/TTBar_019.root",
    "/home/alang/ppCodes/part_gp/datasets/JetClass/Pythia/train_100M/TTBar_020.root",
    "/home/alang/ppCodes/part_gp/datasets/JetClass/Pythia/train_100M/TTBar_021.root",
    "/home/alang/ppCodes/part_gp/datasets/JetClass/Pythia/train_100M/TTBar_022.root",
    "/home/alang/ppCodes/part_gp/datasets/JetClass/Pythia/train_100M/TTBar_023.root",
    "/home/alang/ppCodes/part_gp/datasets/JetClass/Pythia/train_100M/TTBar_024.root",
    "/home/alang/ppCodes/part_gp/datasets/JetClass/Pythia/train_100M/TTBar_025.root",
    "/home/alang/ppCodes/part_gp/datasets/JetClass/Pythia/train_100M/TTBar_026.root",
    "/home/alang/ppCodes/part_gp/datasets/JetClass/Pythia/train_100M/TTBar_027.root",
    "/home/alang/ppCodes/part_gp/datasets/JetClass/Pythia/train_100M/TTBar_028.root",
    "/home/alang/ppCodes/part_gp/datasets/JetClass/Pythia/train_100M/TTBar_029.root",
    "/home/alang/ppCodes/part_gp/datasets/JetClass/Pythia/train_100M/TTBar_030.root",
    "/home/alang/ppCodes/part_gp/datasets/JetClass/Pythia/train_100M/TTBar_031.root",
    "/home/alang/ppCodes/part_gp/datasets/JetClass/Pythia/train_100M/TTBar_032.root",
    "/home/alang/ppCodes/part_gp/datasets/JetClass/Pythia/train_100M/TTBar_033.root",
    "/home/alang/ppCodes/part_gp/datasets/JetClass/Pythia/train_100M/TTBar_034.root",
    "/home/alang/ppCodes/part_gp/datasets/JetClass/Pythia/train_100M/TTBar_035.root",
    "/home/alang/ppCodes/part_gp/datasets/JetClass/Pythia/train_100M/TTBar_036.root",
    "/home/alang/ppCodes/part_gp/datasets/JetClass/Pythia/train_100M/TTBar_037.root",
    "/home/alang/ppCodes/part_gp/datasets/JetClass/Pythia/train_100M/TTBar_038.root",
    "/home/alang/ppCodes/part_gp/datasets/JetClass/Pythia/train_100M/TTBar_039.root",
    "/home/alang/ppCodes/part_gp/datasets/JetClass/Pythia/train_100M/TTBar_040.root",
    "/home/alang/ppCodes/part_gp/datasets/JetClass/Pythia/train_100M/TTBar_041.root",
    "/home/alang/ppCodes/part_gp/datasets/JetClass/Pythia/train_100M/TTBar_042.root",
    "/home/alang/ppCodes/part_gp/datasets/JetClass/Pythia/train_100M/TTBar_043.root",
    "/home/alang/ppCodes/part_gp/datasets/JetClass/Pythia/train_100M/TTBar_044.root",
    "/home/alang/ppCodes/part_gp/datasets/JetClass/Pythia/train_100M/TTBar_045.root",
    "/home/alang/ppCodes/part_gp/datasets/JetClass/Pythia/train_100M/TTBar_046.root",
    "/home/alang/ppCodes/part_gp/datasets/JetClass/Pythia/train_100M/TTBar_047.root",
    "/home/alang/ppCodes/part_gp/datasets/JetClass/Pythia/train_100M/TTBar_048.root",
    "/home/alang/ppCodes/part_gp/datasets/JetClass/Pythia/train_100M/TTBar_049.root",
    "/home/alang/ppCodes/part_gp/datasets/JetClass/Pythia/train_100M/TTBar_050.root",
    "/home/alang/ppCodes/part_gp/datasets/JetClass/Pythia/train_100M/TTBar_051.root",
    "/home/alang/ppCodes/part_gp/datasets/JetClass/Pythia/train_100M/TTBar_052.root",
    "/home/alang/ppCodes/part_gp/datasets/JetClass/Pythia/train_100M/TTBar_053.root",
    "/home/alang/ppCodes/part_gp/datasets/JetClass/Pythia/train_100M/TTBar_054.root",
    "/home/alang/ppCodes/part_gp/datasets/JetClass/Pythia/train_100M/TTBar_055.root",
    "/home/alang/ppCodes/part_gp/datasets/JetClass/Pythia/train_100M/TTBar_056.root",
    "/home/alang/ppCodes/part_gp/datasets/JetClass/Pythia/train_100M/TTBar_057.root",
    "/home/alang/ppCodes/part_gp/datasets/JetClass/Pythia/train_100M/TTBar_058.root",
    "/home/alang/ppCodes/part_gp/datasets/JetClass/Pythia/train_100M/TTBar_059.root",
    "/home/alang/ppCodes/part_gp/datasets/JetClass/Pythia/train_100M/TTBar_060.root",
    "/home/alang/ppCodes/part_gp/datasets/JetClass/Pythia/train_100M/TTBar_061.root",
    "/home/alang/ppCodes/part_gp/datasets/JetClass/Pythia/train_100M/TTBar_062.root",
    "/home/alang/ppCodes/part_gp/datasets/JetClass/Pythia/train_100M/TTBar_063.root",
    "/home/alang/ppCodes/part_gp/datasets/JetClass/Pythia/train_100M/TTBar_064.root",
    "/home/alang/ppCodes/part_gp/datasets/JetClass/Pythia/train_100M/TTBar_065.root",
    "/home/alang/ppCodes/part_gp/datasets/JetClass/Pythia/train_100M/TTBar_066.root",
    "/home/alang/ppCodes/part_gp/datasets/JetClass/Pythia/train_100M/TTBar_067.root",
    "/home/alang/ppCodes/part_gp/datasets/JetClass/Pythia/train_100M/TTBar_068.root",
    "/home/alang/ppCodes/part_gp/datasets/JetClass/Pythia/train_100M/TTBar_069.root",
    "/home/alang/ppCodes/part_gp/datasets/JetClass/Pythia/train_100M/TTBar_070.root",
    "/home/alang/ppCodes/part_gp/datasets/JetClass/Pythia/train_100M/TTBar_071.root",
    "/home/alang/ppCodes/part_gp/datasets/JetClass/Pythia/train_100M/TTBar_072.root",
    "/home/alang/ppCodes/part_gp/datasets/JetClass/Pythia/train_100M/TTBar_073.root",
    "/home/alang/ppCodes/part_gp/datasets/JetClass/Pythia/train_100M/TTBar_074.root",
    "/home/alang/ppCodes/part_gp/datasets/JetClass/Pythia/train_100M/TTBar_075.root",
    "/home/alang/ppCodes/part_gp/datasets/JetClass/Pythia/train_100M/TTBar_076.root",
    "/home/alang/ppCodes/part_gp/datasets/JetClass/Pythia/train_100M/TTBar_077.root",
    "/home/alang/ppCodes/part_gp/datasets/JetClass/Pythia/train_100M/TTBar_078.root",
    "/home/alang/ppCodes/part_gp/datasets/JetClass/Pythia/train_100M/TTBar_079.root",
    "/home/alang/ppCodes/part_gp/datasets/JetClass/Pythia/train_100M/TTBar_080.root",
    "/home/alang/ppCodes/part_gp/datasets/JetClass/Pythia/train_100M/TTBar_081.root",
    "/home/alang/ppCodes/part_gp/datasets/JetClass/Pythia/train_100M/TTBar_082.root",
    "/home/alang/ppCodes/part_gp/datasets/JetClass/Pythia/train_100M/TTBar_083.root",
    "/home/alang/ppCodes/part_gp/datasets/JetClass/Pythia/train_100M/TTBar_084.root",
    "/home/alang/ppCodes/part_gp/datasets/JetClass/Pythia/train_100M/TTBar_085.root",
    "/home/alang/ppCodes/part_gp/datasets/JetClass/Pythia/train_100M/TTBar_086.root",
    "/home/alang/ppCodes/part_gp/datasets/JetClass/Pythia/train_100M/TTBar_087.root",
    "/home/alang/ppCodes/part_gp/datasets/JetClass/Pythia/train_100M/TTBar_088.root",
    "/home/alang/ppCodes/part_gp/datasets/JetClass/Pythia/train_100M/TTBar_089.root",
    "/home/alang/ppCodes/part_gp/datasets/JetClass/Pythia/train_100M/TTBar_090.root",
    "/home/alang/ppCodes/part_gp/datasets/JetClass/Pythia/train_100M/TTBar_091.root",
    "/home/alang/ppCodes/part_gp/datasets/JetClass/Pythia/train_100M/TTBar_092.root",
    "/home/alang/ppCodes/part_gp/datasets/JetClass/Pythia/train_100M/TTBar_093.root",
    "/home/alang/ppCodes/part_gp/datasets/JetClass/Pythia/train_100M/TTBar_094.root",
    "/home/alang/ppCodes/part_gp/datasets/JetClass/Pythia/train_100M/TTBar_095.root",
    "/home/alang/ppCodes/part_gp/datasets/JetClass/Pythia/train_100M/TTBar_096.root",
    "/home/alang/ppCodes/part_gp/datasets/JetClass/Pythia/train_100M/TTBar_097.root",
    "/home/alang/ppCodes/part_gp/datasets/JetClass/Pythia/train_100M/TTBar_098.root",
    "/home/alang/ppCodes/part_gp/datasets/JetClass/Pythia/train_100M/TTBar_099.root"
  ],
  "ZJetsToNuNu": [
    "/home/alang/ppCodes/part_gp/datasets/JetClass/Pythia/train_100M/ZJetsToNuNu_000.root",
    "/home/alang/ppCodes/part_gp/datasets/JetClass/Pythia/train_100M/ZJetsToNuNu_001.root",
    "/home/alang/ppCodes/part_gp/datasets/JetClass/Pythia/train_100M/ZJetsToNuNu_002.root",
    "/home/alang/ppCodes/part_gp/datasets/JetClass/Pythia/train_100M/ZJetsToNuNu_003.root",
    "/home/alang/ppCodes/part_gp/datasets/JetClass/Pythia/train_100M/ZJetsToNuNu_004.root",
    "/home/alang/ppCodes/part_gp/datasets/JetClass/Pythia/train_100M/ZJetsToNuNu_005.root",
    "/home/alang/ppCodes/part_gp/datasets/JetClass/Pythia/train_100M/ZJetsToNuNu_006.root",
    "/home/alang/ppCodes/part_gp/datasets/JetClass/Pythia/train_100M/ZJetsToNuNu_007.root",
    "/home/alang/ppCodes/part_gp/datasets/JetClass/Pythia/train_100M/ZJetsToNuNu_008.root",
    "/home/alang/ppCodes/part_gp/datasets/JetClass/Pythia/train_100M/ZJetsToNuNu_009.root",
    "/home/alang/ppCodes/part_gp/datasets/JetClass/Pythia/train_100M/ZJetsToNuNu_010.root",
    "/home/alang/ppCodes/part_gp/datasets/JetClass/Pythia/train_100M/ZJetsToNuNu_011.root",
    "/home/alang/ppCodes/part_gp/datasets/JetClass/Pythia/train_100M/ZJetsToNuNu_012.root",
    "/home/alang/ppCodes/part_gp/datasets/JetClass/Pythia/train_100M/ZJetsToNuNu_013.root",
    "/home/alang/ppCodes/part_gp/datasets/JetClass/Pythia/train_100M/ZJetsToNuNu_014.root",
    "/home/alang/ppCodes/part_gp/datasets/JetClass/Pythia/train_100M/ZJetsToNuNu_015.root",
    "/home/alang/ppCodes/part_gp/datasets/JetClass/Pythia/train_100M/ZJetsToNuNu_016.root",
    "/home/alang/ppCodes/part_gp/datasets/JetClass/Pythia/train_100M/ZJetsToNuNu_017.root",
    "/home/alang/ppCodes/part_gp/datasets/JetClass/Pythia/train_100M/ZJetsToNuNu_018.root",
    "/home/alang/ppCodes/part_gp/datasets/JetClass/Pythia/train_100M/ZJetsToNuNu_019.root",
    "/home/alang/ppCodes/part_gp/datasets/JetClass/Pythia/train_100M/ZJetsToNuNu_020.root",
    "/home/alang/ppCodes/part_gp/datasets/JetClass/Pythia/train_100M/ZJetsToNuNu_021.root",
    "/home/alang/ppCodes/part_gp/datasets/JetClass/Pythia/train_100M/ZJetsToNuNu_022.root",
    "/home/alang/ppCodes/part_gp/datasets/JetClass/Pythia/train_100M/ZJetsToNuNu_023.root",
    "/home/alang/ppCodes/part_gp/datasets/JetClass/Pythia/train_100M/ZJetsToNuNu_024.root",
    "/home/alang/ppCodes/part_gp/datasets/JetClass/Pythia/train_100M/ZJetsToNuNu_025.root",
    "/home/alang/ppCodes/part_gp/datasets/JetClass/Pythia/train_100M/ZJetsToNuNu_026.root",
    "/home/alang/ppCodes/part_gp/datasets/JetClass/Pythia/train_100M/ZJetsToNuNu_027.root",
    "/home/alang/ppCodes/part_gp/datasets/JetClass/Pythia/train_100M/ZJetsToNuNu_028.root",
    "/home/alang/ppCodes/part_gp/datasets/JetClass/Pythia/train_100M/ZJetsToNuNu_029.root",
    "/home/alang/ppCodes/part_gp/datasets/JetClass/Pythia/train_100M/ZJetsToNuNu_030.root",
    "/home/alang/ppCodes/part_gp/datasets/JetClass/Pythia/train_100M/ZJetsToNuNu_031.root",
    "/home/alang/ppCodes/part_gp/datasets/JetClass/Pythia/train_100M/ZJetsToNuNu_032.root",
    "/home/alang/ppCodes/part_gp/datasets/JetClass/Pythia/train_100M/ZJetsToNuNu_033.root",
    "/home/alang/ppCodes/part_gp/datasets/JetClass/Pythia/train_100M/ZJetsToNuNu_034.root",
    "/home/alang/ppCodes/part_gp/datasets/JetClass/Pythia/train_100M/ZJetsToNuNu_035.root",
    "/home/alang/ppCodes/part_gp/datasets/JetClass/Pythia/train_100M/ZJetsToNuNu_036.root",
    "/home/alang/ppCodes/part_gp/datasets/JetClass/Pythia/train_100M/ZJetsToNuNu_037.root",
    "/home/alang/ppCodes/part_gp/datasets/JetClass/Pythia/train_100M/ZJetsToNuNu_038.root",
    "/home/alang/ppCodes/part_gp/datasets/JetClass/Pythia/train_100M/ZJetsToNuNu_039.root",
    "/home/alang/ppCodes/part_gp/datasets/JetClass/Pythia/train_100M/ZJetsToNuNu_040.root",
    "/home/alang/ppCodes/part_gp/datasets/JetClass/Pythia/train_100M/ZJetsToNuNu_041.root",
    "/home/alang/ppCodes/part_gp/datasets/JetClass/Pythia/train_100M/ZJetsToNuNu_042.root",
    "/home/alang/ppCodes/part_gp/datasets/JetClass/Pythia/train_100M/ZJetsToNuNu_043.root",
    "/home/alang/ppCodes/part_gp/datasets/JetClass/Pythia/train_100M/ZJetsToNuNu_044.root",
    "/home/alang/ppCodes/part_gp/datasets/JetClass/Pythia/train_100M/ZJetsToNuNu_045.root",
    "/home/alang/ppCodes/part_gp/datasets/JetClass/Pythia/train_100M/ZJetsToNuNu_046.root",
    "/home/alang/ppCodes/part_gp/datasets/JetClass/Pythia/train_100M/ZJetsToNuNu_047.root",
    "/home/alang/ppCodes/part_gp/datasets/JetClass/Pythia/train_100M/ZJetsToNuNu_048.root",
    "/home/alang/ppCodes/part_gp/datasets/JetClass/Pythia/train_100M/ZJetsToNuNu_049.root",
    "/home/alang/ppCodes/part_gp/datasets/JetClass/Pythia/train_100M/ZJetsToNuNu_050.root",
    "/home/alang/ppCodes/part_gp/datasets/JetClass/Pythia/train_100M/ZJetsToNuNu_051.root",
    "/home/alang/ppCodes/part_gp/datasets/JetClass/Pythia/train_100M/ZJetsToNuNu_052.root",
    "/home/alang/ppCodes/part_gp/datasets/JetClass/Pythia/train_100M/ZJetsToNuNu_053.root",
    "/home/alang/ppCodes/part_gp/datasets/JetClass/Pythia/train_100M/ZJetsToNuNu_054.root",
    "/home/alang/ppCodes/part_gp/datasets/JetClass/Pythia/train_100M/ZJetsToNuNu_055.root",
    "/home/alang/ppCodes/part_gp/datasets/JetClass/Pythia/train_100M/ZJetsToNuNu_056.root",
    "/home/alang/ppCodes/part_gp/datasets/JetClass/Pythia/train_100M/ZJetsToNuNu_057.root",
    "/home/alang/ppCodes/part_gp/datasets/JetClass/Pythia/train_100M/ZJetsToNuNu_058.root",
    "/home/alang/ppCodes/part_gp/datasets/JetClass/Pythia/train_100M/ZJetsToNuNu_059.root",
    "/home/alang/ppCodes/part_gp/datasets/JetClass/Pythia/train_100M/ZJetsToNuNu_060.root",
    "/home/alang/ppCodes/part_gp/datasets/JetClass/Pythia/train_100M/ZJetsToNuNu_061.root",
    "/home/alang/ppCodes/part_gp/datasets/JetClass/Pythia/train_100M/ZJetsToNuNu_062.root",
    "/home/alang/ppCodes/part_gp/datasets/JetClass/Pythia/train_100M/ZJetsToNuNu_063.root",
    "/home/alang/ppCodes/part_gp/datasets/JetClass/Pythia/train_100M/ZJetsToNuNu_064.root",
    "/home/alang/ppCodes/part_gp/datasets/JetClass/Pythia/train_100M/ZJetsToNuNu_065.root",
    "/home/alang/ppCodes/part_gp/datasets/JetClass/Pythia/train_100M/ZJetsToNuNu_066.root",
    "/home/alang/ppCodes/part_gp/datasets/JetClass/Pythia/train_100M/ZJetsToNuNu_067.root",
    "/home/alang/ppCodes/part_gp/datasets/JetClass/Pythia/train_100M/ZJetsToNuNu_068.root",
    "/home/alang/ppCodes/part_gp/datasets/JetClass/Pythia/train_100M/ZJetsToNuNu_069.root",
    "/home/alang/ppCodes/part_gp/datasets/JetClass/Pythia/train_100M/ZJetsToNuNu_070.root",
    "/home/alang/ppCodes/part_gp/datasets/JetClass/Pythia/train_100M/ZJetsToNuNu_071.root",
    "/home/alang/ppCodes/part_gp/datasets/JetClass/Pythia/train_100M/ZJetsToNuNu_072.root",
    "/home/alang/ppCodes/part_gp/datasets/JetClass/Pythia/train_100M/ZJetsToNuNu_073.root",
    "/home/alang/ppCodes/part_gp/datasets/JetClass/Pythia/train_100M/ZJetsToNuNu_074.root",
    "/home/alang/ppCodes/part_gp/datasets/JetClass/Pythia/train_100M/ZJetsToNuNu_075.root",
    "/home/alang/ppCodes/part_gp/datasets/JetClass/Pythia/train_100M/ZJetsToNuNu_076.root",
    "/home/alang/ppCodes/part_gp/datasets/JetClass/Pythia/train_100M/ZJetsToNuNu_077.root",
    "/home/alang/ppCodes/part_gp/datasets/JetClass/Pythia/train_100M/ZJetsToNuNu_078.root",
    "/home/alang/ppCodes/part_gp/datasets/JetClass/Pythia/train_100M/ZJetsToNuNu_079.root",
    "/home/alang/ppCodes/part_gp/datasets/JetClass/Pythia/train_100M/ZJetsToNuNu_080.root",
    "/home/alang/ppCodes/part_gp/datasets/JetClass/Pythia/train_100M/ZJetsToNuNu_081.root",
    "/home/alang/ppCodes/part_gp/datasets/JetClass/Pythia/train_100M/ZJetsToNuNu_082.root",
    "/home/alang/ppCodes/part_gp/datasets/JetClass/Pythia/train_100M/ZJetsToNuNu_083.root",
    "/home/alang/ppCodes/part_gp/datasets/JetClass/Pythia/train_100M/ZJetsToNuNu_084.root",
    "/home/alang/ppCodes/part_gp/datasets/JetClass/Pythia/train_100M/ZJetsToNuNu_085.root",
    "/home/alang/ppCodes/part_gp/datasets/JetClass/Pythia/train_100M/ZJetsToNuNu_086.root",
    "/home/alang/ppCodes/part_gp/datasets/JetClass/Pythia/train_100M/ZJetsToNuNu_087.root",
    "/home/alang/ppCodes/part_gp/datasets/JetClass/Pythia/train_100M/ZJetsToNuNu_088.root",
    "/home/alang/ppCodes/part_gp/datasets/JetClass/Pythia/train_100M/ZJetsToNuNu_089.root",
    "/home/alang/ppCodes/part_gp/datasets/JetClass/Pythia/train_100M/ZJetsToNuNu_090.root",
    "/home/alang/ppCodes/part_gp/datasets/JetClass/Pythia/train_100M/ZJetsToNuNu_091.root",
    "/home/alang/ppCodes/part_gp/datasets/JetClass/Pythia/train_100M/ZJetsToNuNu_092.root",
    "/home/alang/ppCodes/part_gp/datasets/JetClass/Pythia/train_100M/ZJetsToNuNu_093.root",
    "/home/alang/ppCodes/part_gp/datasets/JetClass/Pythia/train_100M/ZJetsToNuNu_094.root",
    "/home/alang/ppCodes/part_gp/datasets/JetClass/Pythia/train_100M/ZJetsToNuNu_095.root",
    "/home/alang/ppCodes/part_gp/datasets/JetClass/Pythia/train_100M/ZJetsToNuNu_096.root",
    "/home/alang/ppCodes/part_gp/datasets/JetClass/Pythia/train_100M/ZJetsToNuNu_097.root",
    "/home/alang/ppCodes/part_gp/datasets/JetClass/Pythia/train_100M/ZJetsToNuNu_098.root",
    "/home/alang/ppCodes/part_gp/datasets/JetClass/Pythia/train_100M/ZJetsToNuNu_099.root"
  ]
}
[2026-06-04 13:30:22,786] INFO: PySRRegressor.equations_ = [
[
	    pick     score                                           equation      loss  complexity
	0         0.000000                                                 x4  2.363446           1
	1         0.236258                                     9.0488205 ^ x4  1.473447           3
	2   >>>>  0.358675                      (x4 + 0.34039748) * 4.7344894  0.719107           5
	3         0.033210                  (tanh(x4) * 5.599704) + 1.5962343  0.695617           6
	4         0.038741                (x8 - (x4 * -4.6253304)) + 2.843198  0.669184           7
	5         0.027793          ((tanh(x4) + 0.5173753) * 5.4481287) + x8  0.650841           8
	6         0.013541       ((x10 + 5.5888586) * (x4 + 0.61404145)) + x8  0.642087           9
	7         0.023686    x8 + ((x10 + 6.438033) * (tanh(x4) + 0.513144))  0.627058          10
	8         0.004708  ((tanh(x4) + 0.5173753) * ((x10 + 6.070463) - ...  0.621181          12
	9         0.009123  x8 + ((0.5173753 + tanh(x4)) * ((6.070463 + x1...  0.615540          13
	10        0.012000  ((((1.8650782 ^ x7) * x10) - -6.276082) * (0.5...  0.608198          14
	11        0.001594  ((tanh(x4) + 0.57851505) * (((1.8113632 ^ x7) ...  0.606262          16
	12        0.006158  (x8 - (x4 * -4.0848074)) + (tanh((x1 + (x6 - x...  0.598841          18
	13        0.006441  (x8 - (x4 * -3.936113)) + (tanh((x6 + (x1 - x7...  0.594997          19
	14        0.011813  (x8 + (tanh((x1 + (x6 - x7)) * (x4 - (x12 + 0....  0.588009          20
	15        0.008419  x8 + ((sin(((x6 + x1) - x7) * tanh((x4 * 1.454...  0.583080          21
	16        0.003853  (x8 + (2.5694466 - (-4.0413313 * x4))) + sin(t...  0.578604          23
	17        0.007989  ((tanh((x6 + (x4 - x7)) * ((x4 / 0.67182344) -...  0.569432          25
	18        0.003315  x8 + (tanh(((x1 - (x15 * x6)) - x7) * ((x4 / 0...  0.565670          27
	19        0.000013  (x8 + (tanh(((x1 - (x15 * x6)) - x7) * ((x4 / ...  0.565662          28
	20        0.000472  x8 + (tanh(((x1 - ((x15 * 0.91836476) * x6)) -...  0.565396          29
	21        0.001752  ((((tanh(x1 - (x10 * x6)) - tanh(x7)) * tanh(4...  0.563418          31
	22        0.001333  ((((sin(((x2 - 1.6823045) * x4) - x6) * ((x7 *...  0.562668          32
	23        0.003560  ((((sin(((x2 - 1.6823045) * x4) - tanh(x6)) * ...  0.560668          33
	24        0.000704  ((tanh(x1 - (x6 * x15)) - tanh(x7)) * tanh((((...  0.559880          35
	25        0.001231  ((tanh(x1 - (x6 * x15)) - tanh(x7)) * tanh((((...  0.558504          37
], [
	    pick     score                                           equation      loss  complexity
	0         0.000000                                                 x0  2.638066           1
	1         0.294515                                   x4 / -0.25220683  1.463771           3
	2         0.018765                              tanh(x4) * -4.6973386  1.436559           4
	3   >>>>  0.694133                       (x4 * -4.70602) + -1.5460914  0.717572           5
	4         0.033512                 (-0.274783 - tanh(x4)) * 5.5621657  0.693923           6
	5         0.034603              (x4 * -4.5895214) + (-2.7730622 - x8)  0.670322           7
	6         0.027935        (-5.4112487 * tanh(x4)) + (-2.7557654 - x8)  0.651855           8
	7         0.003617    (tanh(sin(x4)) * -5.7959714) + (-2.744887 - x8)  0.649502           9
	8         0.025142  ((tanh(x4) + 0.5009566) * (-6.3985014 - x10)) ...  0.633375          10
	9         0.006397  ((x15 + (-5.2516155 - x10)) * (tanh(x4) + 0.51...  0.625324          12
	10        0.000355  (x8 * -0.9267169) + (((x15 - x10) + -5.304539)...  0.624879          14
	11        0.009494  (((x15 + -5.1650033) - x10) * (tanh(x4) + 0.49...  0.618975          15
	12        0.005910  (((4.6763725 + (sin(x6 + x1) + x4)) - x7) * si...  0.611702          17
	13        0.002347  ((x4 + ((sin(x1 + x6) - tanh(x7)) + 4.6812873)...  0.610267          18
	14        0.008859  ((sin((x6 + x1) - x7) + (x10 + (x4 + 5.839233)...  0.604885          19
	15        0.002092  (((sin(tanh(x1 + x6) - x7) + x4) + (x10 + 5.85...  0.603621          20
	16        0.001606  (sin(x4 - 2.589858) * (((x10 + sin(x4 - x7)) +...  0.601685          22
	17        0.002532  ((sin(x6 + tanh(x1 + x4)) + (x10 + (tanh(x4 - ...  0.600164          23
	18        0.009512  ((x4 + (-3.3885982 - tanh(x10))) / -0.35164428...  0.594483          24
	19        0.005084  ((x4 + -3.2867088) - tanh(x10)) * ((sin((x4 - ...  0.588468          26
	20        0.003530  (sin((-4.6363096 - tanh((1.0431553 - (((x6 + 0...  0.584328          28
	21        0.000142  (sin((x4 + -4.6363096) - tanh((1.0431553 - ((s...  0.584245          29
	22        0.005828  (sin((x4 + -4.6363096) - tanh((1.0429733 - (((...  0.580849          30
	23        0.002488  (sin((x4 + -4.6363096) - tanh((1.0384218 - (((...  0.577966          32
	24        0.003921  (sin((x4 + -4.6363096) - tanh((1.052742 - (((x...  0.573451          34
]]
[2026-06-04 13:30:22,788] INFO: Regressor Params:{'adaptive_parsimony_scaling': 1040.0, 'alpha': 3.17, 'annealing': True, 'autodiff_backend': None, 'batch_size': 50, 'batching': True, 'binary_operators': ['+', '-', '*', '/', '^'], 'bumper': False, 'cluster_manager': None, 'complexity_mapping': None, 'complexity_of_constants': None, 'complexity_of_operators': None, 'complexity_of_variables': None, 'constraints': {'^': (-1, 1)}, 'crossover_probability': 0.0259, 'delete_tempfiles': True, 'denoise': False, 'deterministic': False, 'dimensional_constraint_penalty': None, 'dimensionless_constants_only': False, 'early_stop_condition': None, 'elementwise_loss': 'HuberLoss(1.35)', 'expression_spec': None, 'extra_jax_mappings': None, 'extra_sympy_mappings': None, 'extra_torch_mappings': None, 'fast_cycle': False, 'fraction_replaced': 0.00036, 'fraction_replaced_hof': 0.0614, 'heap_size_hint_in_bytes': None, 'hof_migration': True, 'input_stream': 'stdin', 'logger_spec': None, 'loss_function': None, 'loss_function_expression': None, 'loss_scale': 'log', 'max_evals': None, 'maxdepth': None, 'maxsize': 40, 'migration': True, 'model_selection': 'best', 'ncycles_per_iteration': 1520, 'nested_constraints': {'*': {'tanh': 2}, 'tanh': {'tanh': 0, '^': 1, 'sin': 1}, 'sin': {'sin': 0}}, 'niterations': 4560, 'optimize_probability': 0.14, 'optimizer_algorithm': 'BFGS', 'optimizer_f_calls_limit': None, 'optimizer_iterations': 8, 'optimizer_nrestarts': 2, 'output_directory': '/home/alang/ppCodes/part_gp/outputs/sr_runs/TTBar/Surrogate', 'output_jax_format': False, 'output_torch_format': True, 'parallelism': None, 'parsimony': 0.01, 'perturbation_factor': 0.129, 'population_size': 27, 'populations': 48, 'precision': 32, 'print_precision': 5, 'probability_negate_constant': 0.00743, 'procs': None, 'progress': True, 'random_state': 42, 'run_id': 'Surrogate_default_ParT_BVAE_SR', 'select_k_features': None, 'should_optimize_constants': True, 'should_simplify': True, 'skip_mutation_failures': True, 'temp_equation_file': False, 'tempdir': None, 'timeout_in_seconds': None, 'topn': 12, 'tournament_selection_n': 15, 'tournament_selection_p': 0.982, 'turbo': False, 'unary_operators': ['sqrt', 'tanh', 'sin'], 'update': False, 'update_verbosity': None, 'use_frequency': True, 'use_frequency_in_tournament': True, 'verbosity': 1, 'warm_start': False, 'warmup_maxsize_by': None, 'weight_add_node': 2.47, 'weight_delete_node': 0.87, 'weight_do_nothing': 0.273, 'weight_insert_node': 0.0112, 'weight_mutate_constant': 0.0346, 'weight_mutate_operator': 0.293, 'weight_optimize': 0.001, 'weight_randomize': 0.000502, 'weight_rotate_tree': 4.26, 'weight_simplify': 0.00209, 'weight_swap_operands': 0.198}
[2026-06-04 13:30:42,053] INFO: Started!
[2026-06-04 13:30:42,053] INFO: args:
 - ('comp', 'SR')
 - ('data_train', ['TTBar:/home/alang/ppCodes/part_gp/datasets/JetClass/Pythia/train_100M/TTBar_*.root', 'ZJetsToNuNu:/home/alang/ppCodes/part_gp/datasets/JetClass/Pythia/train_100M/ZJetsToNuNu_*.root'])
 - ('data_val', ['TTBar:/home/alang/ppCodes/part_gp/datasets/JetClass/Pythia/val_5M/TTBar_*.root', 'ZJetsToNuNu:/home/alang/ppCodes/part_gp/datasets/JetClass/Pythia/val_5M/ZJetsToNuNu_*.root'])
 - ('data_test', ['TTBar:/home/alang/ppCodes/part_gp/datasets/JetClass/Pythia/test_20M/TTBar_*.root', 'ZJetsToNuNu:/home/alang/ppCodes/part_gp/datasets/JetClass/Pythia/test_20M/ZJetsToNuNu_*.root'])
 - ('data_config', '/home/alang/ppCodes/part_gp/data_config/JetClass/JetClass_TTBar.yaml')
 - ('data_fraction', 0.01)
 - ('file_fraction', 1.0)
 - ('batch_size', 64)
 - ('num_epochs', 5)
 - ('num_workers', 0)
 - ('optimizer', 'ranger')
 - ('optimizer_option', [])
 - ('start_lr', 0.001)
 - ('final_lr', 0.001)
 - ('lr_scheduler', 'flat+decay')
 - ('model_network', '/home/alang/ppCodes/part_gp/wrappers/resnet.py')
 - ('model_path', '/home/alang/ppCodes/part_gp/outputs/models/TTBar/ResNet/ResNet_M8-RESNET_DL_epoch-4_state.pt')
 - ('model_prefix', None)
 - ('log', '/home/alang/ppCodes/part_gp/outputs/logs/TTBar/Surrogate_default_SR_20260603_213449.log')
 - ('metrics_prefix', None)
 - ('figures_prefix', None)
 - ('teacher_network', None)
 - ('teacher_path', None)
 - ('teacher_prefix', None)
 - ('kd_temp', 1)
 - ('kd_anneal', False)
 - ('kd_weight', 1)
 - ('dr_method', 'encoder')
 - ('dr_network', '/home/alang/ppCodes/part_gp/wrappers/vae.py')
 - ('dr_path', '/home/alang/ppCodes/part_gp/outputs/models/TTBar/BVAE/BVAE_M6-BVAE_DR_epoch-4_state.pt')
 - ('alpha', 1.0)
 - ('beta', 4.0)
 - ('gamma', 1.0)
 - ('kl_anneal', False)
 - ('svae_weight', 1.0)
 - ('bit_size', None)
 - ('sr_prefix', '/home/alang/ppCodes/part_gp/outputs/sr_runs/TTBar/Surrogate/Surrogate_default_ResNet_BVAE_SR')
 - ('max_size', 40)
 - ('n_iterations', 4560)
 - ('n_populations', 48)
 - ('population_size', 27)
 - ('iteration_cycles', 1520)
 - ('weight_optimize', 0.001)
 - ('parsimony', 0.01)
 - ('sr_loss', 'HuberLoss(1.35)')
 - ('binary_operators', ['+', '-', '*', '/', '^'])
 - ('unary_operators', ['sqrt', 'tanh', 'sin'])
 - ('constraints', {'^': (-1, 1)})
 - ('nested_constraints', {'*': {'tanh': 2}, 'tanh': {'tanh': 0, '^': 1, 'sin': 1}, 'sin': {'sin': 0}})
 - ('sr_annealing', True)
 - ('sr_batching', True)
[2026-06-04 13:30:42,058] INFO: Using 200 files for training, range: (0, 1)
[2026-06-04 13:30:42,058] INFO: Using 10 files for validation, range: (0, 1)
[2026-06-04 13:30:42,063] INFO: [0;37mpreprocess config: {'method': 'manual', 'data_fraction': 0.5, 'params': None}[0m
[2026-06-04 13:30:42,063] INFO: [0;37mselection: None[0m
[2026-06-04 13:30:42,063] INFO: [0;37mtest_time_selection: None[0m
[2026-06-04 13:30:42,063] INFO: [0;37mvar_funcs:
 - ('part_mask', 'ak.ones_like(part_energy)')
 - ('part_pt', 'np.hypot(part_px, part_py)')
 - ('part_pt_log', 'np.log(part_pt)')
 - ('part_e_log', 'np.log(part_energy)')
 - ('part_logptrel', 'np.log(part_pt/jet_pt)')
 - ('part_logerel', 'np.log(part_energy/jet_energy)')
 - ('part_deltaR', 'np.hypot(part_deta, part_dphi)')
 - ('_label_', 'np.argmax(np.stack([ak.to_numpy(label_QCD),ak.to_numpy(label_Tbqq)], axis=1), axis=1)')
 - ('_labelcheck_', 'np.sum(np.stack([ak.to_numpy(label_QCD),ak.to_numpy(label_Tbqq)], axis=1), axis=1)')[0m
[2026-06-04 13:30:42,063] INFO: [0;37minput_names: ('pf_points', 'pf_features', 'pf_vectors', 'pf_mask')[0m
[2026-06-04 13:30:42,063] INFO: [0;37minput_dicts:
 - ('pf_points', ['part_deta', 'part_dphi'])
 - ('pf_features', ['part_pt_log', 'part_e_log', 'part_logptrel', 'part_logerel', 'part_deltaR', 'part_deta', 'part_dphi'])
 - ('pf_vectors', ['part_px', 'part_py', 'part_pz', 'part_energy'])
 - ('pf_mask', ['part_mask'])[0m
[2026-06-04 13:30:42,063] INFO: [0;37minput_shapes:
 - ('pf_points', (-1, 2, 32))
 - ('pf_features', (-1, 7, 32))
 - ('pf_vectors', (-1, 4, 32))
 - ('pf_mask', (-1, 1, 32))[0m
[2026-06-04 13:30:42,063] INFO: [0;37mpreprocess_params:
 - ('part_deta', {'length': 32, 'pad_mode': 'wrap', 'center': None, 'scale': 1, 'min': -5, 'max': 5, 'pad_value': 0})
 - ('part_dphi', {'length': 32, 'pad_mode': 'wrap', 'center': None, 'scale': 1, 'min': -5, 'max': 5, 'pad_value': 0})
 - ('part_pt_log', {'length': 32, 'pad_mode': 'wrap', 'center': 1.7, 'scale': 0.7, 'min': -5, 'max': 5, 'pad_value': 0})
 - ('part_e_log', {'length': 32, 'pad_mode': 'wrap', 'center': 2.0, 'scale': 0.7, 'min': -5, 'max': 5, 'pad_value': 0})
 - ('part_logptrel', {'length': 32, 'pad_mode': 'wrap', 'center': -4.7, 'scale': 0.7, 'min': -5, 'max': 5, 'pad_value': 0})
 - ('part_logerel', {'length': 32, 'pad_mode': 'wrap', 'center': -4.7, 'scale': 0.7, 'min': -5, 'max': 5, 'pad_value': 0})
 - ('part_deltaR', {'length': 32, 'pad_mode': 'wrap', 'center': 0.2, 'scale': 4.0, 'min': -5, 'max': 5, 'pad_value': 0})
 - ('part_px', {'length': 32, 'pad_mode': 'wrap', 'center': None, 'scale': 1, 'min': -5, 'max': 5, 'pad_value': 0})
 - ('part_py', {'length': 32, 'pad_mode': 'wrap', 'center': None, 'scale': 1, 'min': -5, 'max': 5, 'pad_value': 0})
 - ('part_pz', {'length': 32, 'pad_mode': 'wrap', 'center': None, 'scale': 1, 'min': -5, 'max': 5, 'pad_value': 0})
 - ('part_energy', {'length': 32, 'pad_mode': 'wrap', 'center': None, 'scale': 1, 'min': -5, 'max': 5, 'pad_value': 0})
 - ('part_mask', {'length': 32, 'pad_mode': 'constant', 'center': None, 'scale': 1, 'min': -5, 'max': 5, 'pad_value': 0})[0m
[2026-06-04 13:30:42,063] INFO: [0;37mlabel_names: ('_label_',)[0m
[2026-06-04 13:30:42,064] INFO: [0;37mobserver_names: ('jet_pt', 'jet_eta', 'jet_phi', 'jet_energy', 'jet_nparticles', 'jet_sdmass', 'jet_tau1', 'jet_tau2', 'jet_tau3', 'jet_tau4')[0m
[2026-06-04 13:30:42,064] INFO: [0;37mmonitor_variables: ()[0m
[2026-06-04 13:30:42,068] INFO: [0;37mpreprocess config: {'method': 'manual', 'data_fraction': 0.5, 'params': None}[0m
[2026-06-04 13:30:42,068] INFO: [0;37mselection: None[0m
[2026-06-04 13:30:42,068] INFO: [0;37mtest_time_selection: None[0m
[2026-06-04 13:30:42,068] INFO: [0;37mvar_funcs:
 - ('part_mask', 'ak.ones_like(part_energy)')
 - ('part_pt', 'np.hypot(part_px, part_py)')
 - ('part_pt_log', 'np.log(part_pt)')
 - ('part_e_log', 'np.log(part_energy)')
 - ('part_logptrel', 'np.log(part_pt/jet_pt)')
 - ('part_logerel', 'np.log(part_energy/jet_energy)')
 - ('part_deltaR', 'np.hypot(part_deta, part_dphi)')
 - ('_label_', 'np.argmax(np.stack([ak.to_numpy(label_QCD),ak.to_numpy(label_Tbqq)], axis=1), axis=1)')
 - ('_labelcheck_', 'np.sum(np.stack([ak.to_numpy(label_QCD),ak.to_numpy(label_Tbqq)], axis=1), axis=1)')[0m
[2026-06-04 13:30:42,068] INFO: [0;37minput_names: ('pf_points', 'pf_features', 'pf_vectors', 'pf_mask')[0m
[2026-06-04 13:30:42,068] INFO: [0;37minput_dicts:
 - ('pf_points', ['part_deta', 'part_dphi'])
 - ('pf_features', ['part_pt_log', 'part_e_log', 'part_logptrel', 'part_logerel', 'part_deltaR', 'part_deta', 'part_dphi'])
 - ('pf_vectors', ['part_px', 'part_py', 'part_pz', 'part_energy'])
 - ('pf_mask', ['part_mask'])[0m
[2026-06-04 13:30:42,069] INFO: [0;37minput_shapes:
 - ('pf_points', (-1, 2, 32))
 - ('pf_features', (-1, 7, 32))
 - ('pf_vectors', (-1, 4, 32))
 - ('pf_mask', (-1, 1, 32))[0m
[2026-06-04 13:30:42,069] INFO: [0;37mpreprocess_params:
 - ('part_deta', {'length': 32, 'pad_mode': 'wrap', 'center': None, 'scale': 1, 'min': -5, 'max': 5, 'pad_value': 0})
 - ('part_dphi', {'length': 32, 'pad_mode': 'wrap', 'center': None, 'scale': 1, 'min': -5, 'max': 5, 'pad_value': 0})
 - ('part_pt_log', {'length': 32, 'pad_mode': 'wrap', 'center': 1.7, 'scale': 0.7, 'min': -5, 'max': 5, 'pad_value': 0})
 - ('part_e_log', {'length': 32, 'pad_mode': 'wrap', 'center': 2.0, 'scale': 0.7, 'min': -5, 'max': 5, 'pad_value': 0})
 - ('part_logptrel', {'length': 32, 'pad_mode': 'wrap', 'center': -4.7, 'scale': 0.7, 'min': -5, 'max': 5, 'pad_value': 0})
 - ('part_logerel', {'length': 32, 'pad_mode': 'wrap', 'center': -4.7, 'scale': 0.7, 'min': -5, 'max': 5, 'pad_value': 0})
 - ('part_deltaR', {'length': 32, 'pad_mode': 'wrap', 'center': 0.2, 'scale': 4.0, 'min': -5, 'max': 5, 'pad_value': 0})
 - ('part_px', {'length': 32, 'pad_mode': 'wrap', 'center': None, 'scale': 1, 'min': -5, 'max': 5, 'pad_value': 0})
 - ('part_py', {'length': 32, 'pad_mode': 'wrap', 'center': None, 'scale': 1, 'min': -5, 'max': 5, 'pad_value': 0})
 - ('part_pz', {'length': 32, 'pad_mode': 'wrap', 'center': None, 'scale': 1, 'min': -5, 'max': 5, 'pad_value': 0})
 - ('part_energy', {'length': 32, 'pad_mode': 'wrap', 'center': None, 'scale': 1, 'min': -5, 'max': 5, 'pad_value': 0})
 - ('part_mask', {'length': 32, 'pad_mode': 'constant', 'center': None, 'scale': 1, 'min': -5, 'max': 5, 'pad_value': 0})[0m
[2026-06-04 13:30:42,069] INFO: [0;37mlabel_names: ('_label_',)[0m
[2026-06-04 13:30:42,069] INFO: [0;37mobserver_names: ()[0m
[2026-06-04 13:30:42,069] INFO: [0;37mmonitor_variables: ()[0m
[2026-06-04 13:30:42,073] INFO: [0;37mpreprocess config: {'method': 'manual', 'data_fraction': 0.5, 'params': None}[0m
[2026-06-04 13:30:42,073] INFO: [0;37mselection: None[0m
[2026-06-04 13:30:42,073] INFO: [0;37mtest_time_selection: None[0m
[2026-06-04 13:30:42,073] INFO: [0;37mvar_funcs:
 - ('part_mask', 'ak.ones_like(part_energy)')
 - ('part_pt', 'np.hypot(part_px, part_py)')
 - ('part_pt_log', 'np.log(part_pt)')
 - ('part_e_log', 'np.log(part_energy)')
 - ('part_logptrel', 'np.log(part_pt/jet_pt)')
 - ('part_logerel', 'np.log(part_energy/jet_energy)')
 - ('part_deltaR', 'np.hypot(part_deta, part_dphi)')
 - ('_label_', 'np.argmax(np.stack([ak.to_numpy(label_QCD),ak.to_numpy(label_Tbqq)], axis=1), axis=1)')
 - ('_labelcheck_', 'np.sum(np.stack([ak.to_numpy(label_QCD),ak.to_numpy(label_Tbqq)], axis=1), axis=1)')[0m
[2026-06-04 13:30:42,073] INFO: [0;37minput_names: ('pf_points', 'pf_features', 'pf_vectors', 'pf_mask')[0m
[2026-06-04 13:30:42,073] INFO: [0;37minput_dicts:
 - ('pf_points', ['part_deta', 'part_dphi'])
 - ('pf_features', ['part_pt_log', 'part_e_log', 'part_logptrel', 'part_logerel', 'part_deltaR', 'part_deta', 'part_dphi'])
 - ('pf_vectors', ['part_px', 'part_py', 'part_pz', 'part_energy'])
 - ('pf_mask', ['part_mask'])[0m
[2026-06-04 13:30:42,073] INFO: [0;37minput_shapes:
 - ('pf_points', (-1, 2, 32))
 - ('pf_features', (-1, 7, 32))
 - ('pf_vectors', (-1, 4, 32))
 - ('pf_mask', (-1, 1, 32))[0m
[2026-06-04 13:30:42,074] INFO: [0;37mpreprocess_params:
 - ('part_deta', {'length': 32, 'pad_mode': 'wrap', 'center': None, 'scale': 1, 'min': -5, 'max': 5, 'pad_value': 0})
 - ('part_dphi', {'length': 32, 'pad_mode': 'wrap', 'center': None, 'scale': 1, 'min': -5, 'max': 5, 'pad_value': 0})
 - ('part_pt_log', {'length': 32, 'pad_mode': 'wrap', 'center': 1.7, 'scale': 0.7, 'min': -5, 'max': 5, 'pad_value': 0})
 - ('part_e_log', {'length': 32, 'pad_mode': 'wrap', 'center': 2.0, 'scale': 0.7, 'min': -5, 'max': 5, 'pad_value': 0})
 - ('part_logptrel', {'length': 32, 'pad_mode': 'wrap', 'center': -4.7, 'scale': 0.7, 'min': -5, 'max': 5, 'pad_value': 0})
 - ('part_logerel', {'length': 32, 'pad_mode': 'wrap', 'center': -4.7, 'scale': 0.7, 'min': -5, 'max': 5, 'pad_value': 0})
 - ('part_deltaR', {'length': 32, 'pad_mode': 'wrap', 'center': 0.2, 'scale': 4.0, 'min': -5, 'max': 5, 'pad_value': 0})
 - ('part_px', {'length': 32, 'pad_mode': 'wrap', 'center': None, 'scale': 1, 'min': -5, 'max': 5, 'pad_value': 0})
 - ('part_py', {'length': 32, 'pad_mode': 'wrap', 'center': None, 'scale': 1, 'min': -5, 'max': 5, 'pad_value': 0})
 - ('part_pz', {'length': 32, 'pad_mode': 'wrap', 'center': None, 'scale': 1, 'min': -5, 'max': 5, 'pad_value': 0})
 - ('part_energy', {'length': 32, 'pad_mode': 'wrap', 'center': None, 'scale': 1, 'min': -5, 'max': 5, 'pad_value': 0})
 - ('part_mask', {'length': 32, 'pad_mode': 'constant', 'center': None, 'scale': 1, 'min': -5, 'max': 5, 'pad_value': 0})[0m
[2026-06-04 13:30:42,074] INFO: [0;37mlabel_names: ('_label_',)[0m
[2026-06-04 13:30:42,074] INFO: [0;37mobserver_names: ('jet_pt', 'jet_eta', 'jet_phi', 'jet_energy', 'jet_nparticles', 'jet_sdmass', 'jet_tau1', 'jet_tau2', 'jet_tau3', 'jet_tau4')[0m
[2026-06-04 13:30:42,074] INFO: [0;37mmonitor_variables: ()[0m
[2026-06-04 13:30:42,078] INFO: [0;37mpreprocess config: {'method': 'manual', 'data_fraction': 0.5, 'params': None}[0m
[2026-06-04 13:30:42,078] INFO: [0;37mselection: None[0m
[2026-06-04 13:30:42,078] INFO: [0;37mtest_time_selection: None[0m
[2026-06-04 13:30:42,078] INFO: [0;37mvar_funcs:
 - ('part_mask', 'ak.ones_like(part_energy)')
 - ('part_pt', 'np.hypot(part_px, part_py)')
 - ('part_pt_log', 'np.log(part_pt)')
 - ('part_e_log', 'np.log(part_energy)')
 - ('part_logptrel', 'np.log(part_pt/jet_pt)')
 - ('part_logerel', 'np.log(part_energy/jet_energy)')
 - ('part_deltaR', 'np.hypot(part_deta, part_dphi)')
 - ('_label_', 'np.argmax(np.stack([ak.to_numpy(label_QCD),ak.to_numpy(label_Tbqq)], axis=1), axis=1)')
 - ('_labelcheck_', 'np.sum(np.stack([ak.to_numpy(label_QCD),ak.to_numpy(label_Tbqq)], axis=1), axis=1)')[0m
[2026-06-04 13:30:42,078] INFO: [0;37minput_names: ('pf_points', 'pf_features', 'pf_vectors', 'pf_mask')[0m
[2026-06-04 13:30:42,078] INFO: [0;37minput_dicts:
 - ('pf_points', ['part_deta', 'part_dphi'])
 - ('pf_features', ['part_pt_log', 'part_e_log', 'part_logptrel', 'part_logerel', 'part_deltaR', 'part_deta', 'part_dphi'])
 - ('pf_vectors', ['part_px', 'part_py', 'part_pz', 'part_energy'])
 - ('pf_mask', ['part_mask'])[0m
[2026-06-04 13:30:42,078] INFO: [0;37minput_shapes:
 - ('pf_points', (-1, 2, 32))
 - ('pf_features', (-1, 7, 32))
 - ('pf_vectors', (-1, 4, 32))
 - ('pf_mask', (-1, 1, 32))[0m
[2026-06-04 13:30:42,079] INFO: [0;37mpreprocess_params:
 - ('part_deta', {'length': 32, 'pad_mode': 'wrap', 'center': None, 'scale': 1, 'min': -5, 'max': 5, 'pad_value': 0})
 - ('part_dphi', {'length': 32, 'pad_mode': 'wrap', 'center': None, 'scale': 1, 'min': -5, 'max': 5, 'pad_value': 0})
 - ('part_pt_log', {'length': 32, 'pad_mode': 'wrap', 'center': 1.7, 'scale': 0.7, 'min': -5, 'max': 5, 'pad_value': 0})
 - ('part_e_log', {'length': 32, 'pad_mode': 'wrap', 'center': 2.0, 'scale': 0.7, 'min': -5, 'max': 5, 'pad_value': 0})
 - ('part_logptrel', {'length': 32, 'pad_mode': 'wrap', 'center': -4.7, 'scale': 0.7, 'min': -5, 'max': 5, 'pad_value': 0})
 - ('part_logerel', {'length': 32, 'pad_mode': 'wrap', 'center': -4.7, 'scale': 0.7, 'min': -5, 'max': 5, 'pad_value': 0})
 - ('part_deltaR', {'length': 32, 'pad_mode': 'wrap', 'center': 0.2, 'scale': 4.0, 'min': -5, 'max': 5, 'pad_value': 0})
 - ('part_px', {'length': 32, 'pad_mode': 'wrap', 'center': None, 'scale': 1, 'min': -5, 'max': 5, 'pad_value': 0})
 - ('part_py', {'length': 32, 'pad_mode': 'wrap', 'center': None, 'scale': 1, 'min': -5, 'max': 5, 'pad_value': 0})
 - ('part_pz', {'length': 32, 'pad_mode': 'wrap', 'center': None, 'scale': 1, 'min': -5, 'max': 5, 'pad_value': 0})
 - ('part_energy', {'length': 32, 'pad_mode': 'wrap', 'center': None, 'scale': 1, 'min': -5, 'max': 5, 'pad_value': 0})
 - ('part_mask', {'length': 32, 'pad_mode': 'constant', 'center': None, 'scale': 1, 'min': -5, 'max': 5, 'pad_value': 0})[0m
[2026-06-04 13:30:42,079] INFO: [0;37mlabel_names: ('_label_',)[0m
[2026-06-04 13:30:42,079] INFO: [0;37mobserver_names: ()[0m
[2026-06-04 13:30:42,079] INFO: [0;37mmonitor_variables: ()[0m
[2026-06-04 13:30:42,084] INFO: [0;37mpreprocess config: {'method': 'manual', 'data_fraction': 0.5, 'params': None}[0m
[2026-06-04 13:30:42,084] INFO: [0;37mselection: None[0m
[2026-06-04 13:30:42,085] INFO: [0;37mtest_time_selection: None[0m
[2026-06-04 13:30:42,085] INFO: [0;37mvar_funcs:
 - ('part_mask', 'ak.ones_like(part_energy)')
 - ('part_pt', 'np.hypot(part_px, part_py)')
 - ('part_pt_log', 'np.log(part_pt)')
 - ('part_e_log', 'np.log(part_energy)')
 - ('part_logptrel', 'np.log(part_pt/jet_pt)')
 - ('part_logerel', 'np.log(part_energy/jet_energy)')
 - ('part_deltaR', 'np.hypot(part_deta, part_dphi)')
 - ('_label_', 'np.argmax(np.stack([ak.to_numpy(label_QCD),ak.to_numpy(label_Tbqq)], axis=1), axis=1)')
 - ('_labelcheck_', 'np.sum(np.stack([ak.to_numpy(label_QCD),ak.to_numpy(label_Tbqq)], axis=1), axis=1)')[0m
[2026-06-04 13:30:42,085] INFO: [0;37minput_names: ('pf_points', 'pf_features', 'pf_vectors', 'pf_mask')[0m
[2026-06-04 13:30:42,085] INFO: [0;37minput_dicts:
 - ('pf_points', ['part_deta', 'part_dphi'])
 - ('pf_features', ['part_pt_log', 'part_e_log', 'part_logptrel', 'part_logerel', 'part_deltaR', 'part_deta', 'part_dphi'])
 - ('pf_vectors', ['part_px', 'part_py', 'part_pz', 'part_energy'])
 - ('pf_mask', ['part_mask'])[0m
[2026-06-04 13:30:42,085] INFO: [0;37minput_shapes:
 - ('pf_points', (-1, 2, 32))
 - ('pf_features', (-1, 7, 32))
 - ('pf_vectors', (-1, 4, 32))
 - ('pf_mask', (-1, 1, 32))[0m
[2026-06-04 13:30:42,085] INFO: [0;37mpreprocess_params:
 - ('part_deta', {'length': 32, 'pad_mode': 'wrap', 'center': None, 'scale': 1, 'min': -5, 'max': 5, 'pad_value': 0})
 - ('part_dphi', {'length': 32, 'pad_mode': 'wrap', 'center': None, 'scale': 1, 'min': -5, 'max': 5, 'pad_value': 0})
 - ('part_pt_log', {'length': 32, 'pad_mode': 'wrap', 'center': 1.7, 'scale': 0.7, 'min': -5, 'max': 5, 'pad_value': 0})
 - ('part_e_log', {'length': 32, 'pad_mode': 'wrap', 'center': 2.0, 'scale': 0.7, 'min': -5, 'max': 5, 'pad_value': 0})
 - ('part_logptrel', {'length': 32, 'pad_mode': 'wrap', 'center': -4.7, 'scale': 0.7, 'min': -5, 'max': 5, 'pad_value': 0})
 - ('part_logerel', {'length': 32, 'pad_mode': 'wrap', 'center': -4.7, 'scale': 0.7, 'min': -5, 'max': 5, 'pad_value': 0})
 - ('part_deltaR', {'length': 32, 'pad_mode': 'wrap', 'center': 0.2, 'scale': 4.0, 'min': -5, 'max': 5, 'pad_value': 0})
 - ('part_px', {'length': 32, 'pad_mode': 'wrap', 'center': None, 'scale': 1, 'min': -5, 'max': 5, 'pad_value': 0})
 - ('part_py', {'length': 32, 'pad_mode': 'wrap', 'center': None, 'scale': 1, 'min': -5, 'max': 5, 'pad_value': 0})
 - ('part_pz', {'length': 32, 'pad_mode': 'wrap', 'center': None, 'scale': 1, 'min': -5, 'max': 5, 'pad_value': 0})
 - ('part_energy', {'length': 32, 'pad_mode': 'wrap', 'center': None, 'scale': 1, 'min': -5, 'max': 5, 'pad_value': 0})
 - ('part_mask', {'length': 32, 'pad_mode': 'constant', 'center': None, 'scale': 1, 'min': -5, 'max': 5, 'pad_value': 0})[0m
[2026-06-04 13:30:42,085] INFO: [0;37mlabel_names: ('_label_',)[0m
[2026-06-04 13:30:42,085] INFO: [0;37mobserver_names: ('jet_pt', 'jet_eta', 'jet_phi', 'jet_energy', 'jet_nparticles', 'jet_sdmass', 'jet_tau1', 'jet_tau2', 'jet_tau3', 'jet_tau4')[0m
[2026-06-04 13:30:42,085] INFO: [0;37mmonitor_variables: ()[0m
[2026-06-04 13:30:42,089] INFO: [0;37mpreprocess config: {'method': 'manual', 'data_fraction': 0.5, 'params': None}[0m
[2026-06-04 13:30:42,089] INFO: [0;37mselection: None[0m
[2026-06-04 13:30:42,089] INFO: [0;37mtest_time_selection: None[0m
[2026-06-04 13:30:42,089] INFO: [0;37mvar_funcs:
 - ('part_mask', 'ak.ones_like(part_energy)')
 - ('part_pt', 'np.hypot(part_px, part_py)')
 - ('part_pt_log', 'np.log(part_pt)')
 - ('part_e_log', 'np.log(part_energy)')
 - ('part_logptrel', 'np.log(part_pt/jet_pt)')
 - ('part_logerel', 'np.log(part_energy/jet_energy)')
 - ('part_deltaR', 'np.hypot(part_deta, part_dphi)')
 - ('_label_', 'np.argmax(np.stack([ak.to_numpy(label_QCD),ak.to_numpy(label_Tbqq)], axis=1), axis=1)')
 - ('_labelcheck_', 'np.sum(np.stack([ak.to_numpy(label_QCD),ak.to_numpy(label_Tbqq)], axis=1), axis=1)')[0m
[2026-06-04 13:30:42,090] INFO: [0;37minput_names: ('pf_points', 'pf_features', 'pf_vectors', 'pf_mask')[0m
[2026-06-04 13:30:42,090] INFO: [0;37minput_dicts:
 - ('pf_points', ['part_deta', 'part_dphi'])
 - ('pf_features', ['part_pt_log', 'part_e_log', 'part_logptrel', 'part_logerel', 'part_deltaR', 'part_deta', 'part_dphi'])
 - ('pf_vectors', ['part_px', 'part_py', 'part_pz', 'part_energy'])
 - ('pf_mask', ['part_mask'])[0m
[2026-06-04 13:30:42,090] INFO: [0;37minput_shapes:
 - ('pf_points', (-1, 2, 32))
 - ('pf_features', (-1, 7, 32))
 - ('pf_vectors', (-1, 4, 32))
 - ('pf_mask', (-1, 1, 32))[0m
[2026-06-04 13:30:42,090] INFO: [0;37mpreprocess_params:
 - ('part_deta', {'length': 32, 'pad_mode': 'wrap', 'center': None, 'scale': 1, 'min': -5, 'max': 5, 'pad_value': 0})
 - ('part_dphi', {'length': 32, 'pad_mode': 'wrap', 'center': None, 'scale': 1, 'min': -5, 'max': 5, 'pad_value': 0})
 - ('part_pt_log', {'length': 32, 'pad_mode': 'wrap', 'center': 1.7, 'scale': 0.7, 'min': -5, 'max': 5, 'pad_value': 0})
 - ('part_e_log', {'length': 32, 'pad_mode': 'wrap', 'center': 2.0, 'scale': 0.7, 'min': -5, 'max': 5, 'pad_value': 0})
 - ('part_logptrel', {'length': 32, 'pad_mode': 'wrap', 'center': -4.7, 'scale': 0.7, 'min': -5, 'max': 5, 'pad_value': 0})
 - ('part_logerel', {'length': 32, 'pad_mode': 'wrap', 'center': -4.7, 'scale': 0.7, 'min': -5, 'max': 5, 'pad_value': 0})
 - ('part_deltaR', {'length': 32, 'pad_mode': 'wrap', 'center': 0.2, 'scale': 4.0, 'min': -5, 'max': 5, 'pad_value': 0})
 - ('part_px', {'length': 32, 'pad_mode': 'wrap', 'center': None, 'scale': 1, 'min': -5, 'max': 5, 'pad_value': 0})
 - ('part_py', {'length': 32, 'pad_mode': 'wrap', 'center': None, 'scale': 1, 'min': -5, 'max': 5, 'pad_value': 0})
 - ('part_pz', {'length': 32, 'pad_mode': 'wrap', 'center': None, 'scale': 1, 'min': -5, 'max': 5, 'pad_value': 0})
 - ('part_energy', {'length': 32, 'pad_mode': 'wrap', 'center': None, 'scale': 1, 'min': -5, 'max': 5, 'pad_value': 0})
 - ('part_mask', {'length': 32, 'pad_mode': 'constant', 'center': None, 'scale': 1, 'min': -5, 'max': 5, 'pad_value': 0})[0m
[2026-06-04 13:30:42,090] INFO: [0;37mlabel_names: ('_label_',)[0m
[2026-06-04 13:30:42,090] INFO: [0;37mobserver_names: ('jet_pt', 'jet_eta', 'jet_phi', 'jet_energy', 'jet_nparticles', 'jet_sdmass', 'jet_tau1', 'jet_tau2', 'jet_tau3', 'jet_tau4')[0m
[2026-06-04 13:30:42,090] INFO: [0;37mmonitor_variables: ()[0m
[2026-06-04 13:30:42,091] INFO: Performing Symbolic Regression
[2026-06-04 13:30:42,095] INFO: [0;37mpreprocess config: {'method': 'manual', 'data_fraction': 0.5, 'params': None}[0m
[2026-06-04 13:30:42,095] INFO: [0;37mselection: None[0m
[2026-06-04 13:30:42,095] INFO: [0;37mtest_time_selection: None[0m
[2026-06-04 13:30:42,096] INFO: [0;37mvar_funcs:
 - ('part_mask', 'ak.ones_like(part_energy)')
 - ('part_pt', 'np.hypot(part_px, part_py)')
 - ('part_pt_log', 'np.log(part_pt)')
 - ('part_e_log', 'np.log(part_energy)')
 - ('part_logptrel', 'np.log(part_pt/jet_pt)')
 - ('part_logerel', 'np.log(part_energy/jet_energy)')
 - ('part_deltaR', 'np.hypot(part_deta, part_dphi)')
 - ('_label_', 'np.argmax(np.stack([ak.to_numpy(label_QCD),ak.to_numpy(label_Tbqq)], axis=1), axis=1)')
 - ('_labelcheck_', 'np.sum(np.stack([ak.to_numpy(label_QCD),ak.to_numpy(label_Tbqq)], axis=1), axis=1)')[0m
[2026-06-04 13:30:42,096] INFO: [0;37minput_names: ('pf_points', 'pf_features', 'pf_vectors', 'pf_mask')[0m
[2026-06-04 13:30:42,096] INFO: [0;37minput_dicts:
 - ('pf_points', ['part_deta', 'part_dphi'])
 - ('pf_features', ['part_pt_log', 'part_e_log', 'part_logptrel', 'part_logerel', 'part_deltaR', 'part_deta', 'part_dphi'])
 - ('pf_vectors', ['part_px', 'part_py', 'part_pz', 'part_energy'])
 - ('pf_mask', ['part_mask'])[0m
[2026-06-04 13:30:42,096] INFO: [0;37minput_shapes:
 - ('pf_points', (-1, 2, 32))
 - ('pf_features', (-1, 7, 32))
 - ('pf_vectors', (-1, 4, 32))
 - ('pf_mask', (-1, 1, 32))[0m
[2026-06-04 13:30:42,096] INFO: [0;37mpreprocess_params:
 - ('part_deta', {'length': 32, 'pad_mode': 'wrap', 'center': None, 'scale': 1, 'min': -5, 'max': 5, 'pad_value': 0})
 - ('part_dphi', {'length': 32, 'pad_mode': 'wrap', 'center': None, 'scale': 1, 'min': -5, 'max': 5, 'pad_value': 0})
 - ('part_pt_log', {'length': 32, 'pad_mode': 'wrap', 'center': 1.7, 'scale': 0.7, 'min': -5, 'max': 5, 'pad_value': 0})
 - ('part_e_log', {'length': 32, 'pad_mode': 'wrap', 'center': 2.0, 'scale': 0.7, 'min': -5, 'max': 5, 'pad_value': 0})
 - ('part_logptrel', {'length': 32, 'pad_mode': 'wrap', 'center': -4.7, 'scale': 0.7, 'min': -5, 'max': 5, 'pad_value': 0})
 - ('part_logerel', {'length': 32, 'pad_mode': 'wrap', 'center': -4.7, 'scale': 0.7, 'min': -5, 'max': 5, 'pad_value': 0})
 - ('part_deltaR', {'length': 32, 'pad_mode': 'wrap', 'center': 0.2, 'scale': 4.0, 'min': -5, 'max': 5, 'pad_value': 0})
 - ('part_px', {'length': 32, 'pad_mode': 'wrap', 'center': None, 'scale': 1, 'min': -5, 'max': 5, 'pad_value': 0})
 - ('part_py', {'length': 32, 'pad_mode': 'wrap', 'center': None, 'scale': 1, 'min': -5, 'max': 5, 'pad_value': 0})
 - ('part_pz', {'length': 32, 'pad_mode': 'wrap', 'center': None, 'scale': 1, 'min': -5, 'max': 5, 'pad_value': 0})
 - ('part_energy', {'length': 32, 'pad_mode': 'wrap', 'center': None, 'scale': 1, 'min': -5, 'max': 5, 'pad_value': 0})
 - ('part_mask', {'length': 32, 'pad_mode': 'constant', 'center': None, 'scale': 1, 'min': -5, 'max': 5, 'pad_value': 0})[0m
[2026-06-04 13:30:42,096] INFO: [0;37mlabel_names: ('_label_',)[0m
[2026-06-04 13:30:42,096] INFO: [0;37mobserver_names: ('jet_pt', 'jet_eta', 'jet_phi', 'jet_energy', 'jet_nparticles', 'jet_sdmass', 'jet_tau1', 'jet_tau2', 'jet_tau3', 'jet_tau4')[0m
[2026-06-04 13:30:42,096] INFO: [0;37mmonitor_variables: ()[0m
[2026-06-04 13:30:42,100] INFO: [0;37mpreprocess config: {'method': 'manual', 'data_fraction': 0.5, 'params': None}[0m
[2026-06-04 13:30:42,100] INFO: [0;37mselection: None[0m
[2026-06-04 13:30:42,100] INFO: [0;37mtest_time_selection: None[0m
[2026-06-04 13:30:42,101] INFO: [0;37mvar_funcs:
 - ('part_mask', 'ak.ones_like(part_energy)')
 - ('part_pt', 'np.hypot(part_px, part_py)')
 - ('part_pt_log', 'np.log(part_pt)')
 - ('part_e_log', 'np.log(part_energy)')
 - ('part_logptrel', 'np.log(part_pt/jet_pt)')
 - ('part_logerel', 'np.log(part_energy/jet_energy)')
 - ('part_deltaR', 'np.hypot(part_deta, part_dphi)')
 - ('_label_', 'np.argmax(np.stack([ak.to_numpy(label_QCD),ak.to_numpy(label_Tbqq)], axis=1), axis=1)')
 - ('_labelcheck_', 'np.sum(np.stack([ak.to_numpy(label_QCD),ak.to_numpy(label_Tbqq)], axis=1), axis=1)')[0m
[2026-06-04 13:30:42,101] INFO: [0;37minput_names: ('pf_points', 'pf_features', 'pf_vectors', 'pf_mask')[0m
[2026-06-04 13:30:42,101] INFO: [0;37minput_dicts:
 - ('pf_points', ['part_deta', 'part_dphi'])
 - ('pf_features', ['part_pt_log', 'part_e_log', 'part_logptrel', 'part_logerel', 'part_deltaR', 'part_deta', 'part_dphi'])
 - ('pf_vectors', ['part_px', 'part_py', 'part_pz', 'part_energy'])
 - ('pf_mask', ['part_mask'])[0m
[2026-06-04 13:30:42,101] INFO: [0;37minput_shapes:
 - ('pf_points', (-1, 2, 32))
 - ('pf_features', (-1, 7, 32))
 - ('pf_vectors', (-1, 4, 32))
 - ('pf_mask', (-1, 1, 32))[0m
[2026-06-04 13:30:42,101] INFO: [0;37mpreprocess_params:
 - ('part_deta', {'length': 32, 'pad_mode': 'wrap', 'center': None, 'scale': 1, 'min': -5, 'max': 5, 'pad_value': 0})
 - ('part_dphi', {'length': 32, 'pad_mode': 'wrap', 'center': None, 'scale': 1, 'min': -5, 'max': 5, 'pad_value': 0})
 - ('part_pt_log', {'length': 32, 'pad_mode': 'wrap', 'center': 1.7, 'scale': 0.7, 'min': -5, 'max': 5, 'pad_value': 0})
 - ('part_e_log', {'length': 32, 'pad_mode': 'wrap', 'center': 2.0, 'scale': 0.7, 'min': -5, 'max': 5, 'pad_value': 0})
 - ('part_logptrel', {'length': 32, 'pad_mode': 'wrap', 'center': -4.7, 'scale': 0.7, 'min': -5, 'max': 5, 'pad_value': 0})
 - ('part_logerel', {'length': 32, 'pad_mode': 'wrap', 'center': -4.7, 'scale': 0.7, 'min': -5, 'max': 5, 'pad_value': 0})
 - ('part_deltaR', {'length': 32, 'pad_mode': 'wrap', 'center': 0.2, 'scale': 4.0, 'min': -5, 'max': 5, 'pad_value': 0})
 - ('part_px', {'length': 32, 'pad_mode': 'wrap', 'center': None, 'scale': 1, 'min': -5, 'max': 5, 'pad_value': 0})
 - ('part_py', {'length': 32, 'pad_mode': 'wrap', 'center': None, 'scale': 1, 'min': -5, 'max': 5, 'pad_value': 0})
 - ('part_pz', {'length': 32, 'pad_mode': 'wrap', 'center': None, 'scale': 1, 'min': -5, 'max': 5, 'pad_value': 0})
 - ('part_energy', {'length': 32, 'pad_mode': 'wrap', 'center': None, 'scale': 1, 'min': -5, 'max': 5, 'pad_value': 0})
 - ('part_mask', {'length': 32, 'pad_mode': 'constant', 'center': None, 'scale': 1, 'min': -5, 'max': 5, 'pad_value': 0})[0m
[2026-06-04 13:30:42,101] INFO: [0;37mlabel_names: ('_label_',)[0m
[2026-06-04 13:30:42,101] INFO: [0;37mobserver_names: ()[0m
[2026-06-04 13:30:42,101] INFO: [0;37mmonitor_variables: ()[0m
[2026-06-04 13:30:42,101] INFO: Model config: {'input_dims': 7, 'set_size': 32, 'phi_sizes': (256, 256, 256), 'fc_sizes': (256, 256, 256), 'use_bn': False, 'latent_dim': 8, 'relaxed': True, 'expander_relu': False, 'n_pieces': 20}
[2026-06-04 13:30:42,152] INFO: [0;37mpreprocess config: {'method': 'manual', 'data_fraction': 0.5, 'params': None}[0m
[2026-06-04 13:30:42,153] INFO: [0;37mselection: None[0m
[2026-06-04 13:30:42,153] INFO: [0;37mtest_time_selection: None[0m
[2026-06-04 13:30:42,153] INFO: [0;37mvar_funcs:
 - ('part_mask', 'ak.ones_like(part_energy)')
 - ('part_pt', 'np.hypot(part_px, part_py)')
 - ('part_pt_log', 'np.log(part_pt)')
 - ('part_e_log', 'np.log(part_energy)')
 - ('part_logptrel', 'np.log(part_pt/jet_pt)')
 - ('part_logerel', 'np.log(part_energy/jet_energy)')
 - ('part_deltaR', 'np.hypot(part_deta, part_dphi)')
 - ('_label_', 'np.argmax(np.stack([ak.to_numpy(label_QCD),ak.to_numpy(label_Tbqq)], axis=1), axis=1)')
 - ('_labelcheck_', 'np.sum(np.stack([ak.to_numpy(label_QCD),ak.to_numpy(label_Tbqq)], axis=1), axis=1)')[0m
[2026-06-04 13:30:42,153] INFO: [0;37minput_names: ('pf_points', 'pf_features', 'pf_vectors', 'pf_mask')[0m
[2026-06-04 13:30:42,153] INFO: [0;37minput_dicts:
 - ('pf_points', ['part_deta', 'part_dphi'])
 - ('pf_features', ['part_pt_log', 'part_e_log', 'part_logptrel', 'part_logerel', 'part_deltaR', 'part_deta', 'part_dphi'])
 - ('pf_vectors', ['part_px', 'part_py', 'part_pz', 'part_energy'])
 - ('pf_mask', ['part_mask'])[0m
[2026-06-04 13:30:42,153] INFO: [0;37minput_shapes:
 - ('pf_points', (-1, 2, 32))
 - ('pf_features', (-1, 7, 32))
 - ('pf_vectors', (-1, 4, 32))
 - ('pf_mask', (-1, 1, 32))[0m
[2026-06-04 13:30:42,153] INFO: [0;37mpreprocess_params:
 - ('part_deta', {'length': 32, 'pad_mode': 'wrap', 'center': None, 'scale': 1, 'min': -5, 'max': 5, 'pad_value': 0})
 - ('part_dphi', {'length': 32, 'pad_mode': 'wrap', 'center': None, 'scale': 1, 'min': -5, 'max': 5, 'pad_value': 0})
 - ('part_pt_log', {'length': 32, 'pad_mode': 'wrap', 'center': 1.7, 'scale': 0.7, 'min': -5, 'max': 5, 'pad_value': 0})
 - ('part_e_log', {'length': 32, 'pad_mode': 'wrap', 'center': 2.0, 'scale': 0.7, 'min': -5, 'max': 5, 'pad_value': 0})
 - ('part_logptrel', {'length': 32, 'pad_mode': 'wrap', 'center': -4.7, 'scale': 0.7, 'min': -5, 'max': 5, 'pad_value': 0})
 - ('part_logerel', {'length': 32, 'pad_mode': 'wrap', 'center': -4.7, 'scale': 0.7, 'min': -5, 'max': 5, 'pad_value': 0})
 - ('part_deltaR', {'length': 32, 'pad_mode': 'wrap', 'center': 0.2, 'scale': 4.0, 'min': -5, 'max': 5, 'pad_value': 0})
 - ('part_px', {'length': 32, 'pad_mode': 'wrap', 'center': None, 'scale': 1, 'min': -5, 'max': 5, 'pad_value': 0})
 - ('part_py', {'length': 32, 'pad_mode': 'wrap', 'center': None, 'scale': 1, 'min': -5, 'max': 5, 'pad_value': 0})
 - ('part_pz', {'length': 32, 'pad_mode': 'wrap', 'center': None, 'scale': 1, 'min': -5, 'max': 5, 'pad_value': 0})
 - ('part_energy', {'length': 32, 'pad_mode': 'wrap', 'center': None, 'scale': 1, 'min': -5, 'max': 5, 'pad_value': 0})
 - ('part_mask', {'length': 32, 'pad_mode': 'constant', 'center': None, 'scale': 1, 'min': -5, 'max': 5, 'pad_value': 0})[0m
[2026-06-04 13:30:42,153] INFO: [0;37mlabel_names: ('_label_',)[0m
[2026-06-04 13:30:42,153] INFO: [0;37mobserver_names: ('jet_pt', 'jet_eta', 'jet_phi', 'jet_energy', 'jet_nparticles', 'jet_sdmass', 'jet_tau1', 'jet_tau2', 'jet_tau3', 'jet_tau4')[0m
[2026-06-04 13:30:42,153] INFO: [0;37mmonitor_variables: ()[0m
[2026-06-04 13:30:42,159] INFO: [0;37mpreprocess config: {'method': 'manual', 'data_fraction': 0.5, 'params': None}[0m
[2026-06-04 13:30:42,159] INFO: [0;37mselection: None[0m
[2026-06-04 13:30:42,160] INFO: [0;37mtest_time_selection: None[0m
[2026-06-04 13:30:42,160] INFO: [0;37mvar_funcs:
 - ('part_mask', 'ak.ones_like(part_energy)')
 - ('part_pt', 'np.hypot(part_px, part_py)')
 - ('part_pt_log', 'np.log(part_pt)')
 - ('part_e_log', 'np.log(part_energy)')
 - ('part_logptrel', 'np.log(part_pt/jet_pt)')
 - ('part_logerel', 'np.log(part_energy/jet_energy)')
 - ('part_deltaR', 'np.hypot(part_deta, part_dphi)')
 - ('_label_', 'np.argmax(np.stack([ak.to_numpy(label_QCD),ak.to_numpy(label_Tbqq)], axis=1), axis=1)')
 - ('_labelcheck_', 'np.sum(np.stack([ak.to_numpy(label_QCD),ak.to_numpy(label_Tbqq)], axis=1), axis=1)')[0m
[2026-06-04 13:30:42,160] INFO: [0;37minput_names: ('pf_points', 'pf_features', 'pf_vectors', 'pf_mask')[0m
[2026-06-04 13:30:42,160] INFO: [0;37minput_dicts:
 - ('pf_points', ['part_deta', 'part_dphi'])
 - ('pf_features', ['part_pt_log', 'part_e_log', 'part_logptrel', 'part_logerel', 'part_deltaR', 'part_deta', 'part_dphi'])
 - ('pf_vectors', ['part_px', 'part_py', 'part_pz', 'part_energy'])
 - ('pf_mask', ['part_mask'])[0m
[2026-06-04 13:30:42,160] INFO: [0;37minput_shapes:
 - ('pf_points', (-1, 2, 32))
 - ('pf_features', (-1, 7, 32))
 - ('pf_vectors', (-1, 4, 32))
 - ('pf_mask', (-1, 1, 32))[0m
[2026-06-04 13:30:42,160] INFO: [0;37mpreprocess_params:
 - ('part_deta', {'length': 32, 'pad_mode': 'wrap', 'center': None, 'scale': 1, 'min': -5, 'max': 5, 'pad_value': 0})
 - ('part_dphi', {'length': 32, 'pad_mode': 'wrap', 'center': None, 'scale': 1, 'min': -5, 'max': 5, 'pad_value': 0})
 - ('part_pt_log', {'length': 32, 'pad_mode': 'wrap', 'center': 1.7, 'scale': 0.7, 'min': -5, 'max': 5, 'pad_value': 0})
 - ('part_e_log', {'length': 32, 'pad_mode': 'wrap', 'center': 2.0, 'scale': 0.7, 'min': -5, 'max': 5, 'pad_value': 0})
 - ('part_logptrel', {'length': 32, 'pad_mode': 'wrap', 'center': -4.7, 'scale': 0.7, 'min': -5, 'max': 5, 'pad_value': 0})
 - ('part_logerel', {'length': 32, 'pad_mode': 'wrap', 'center': -4.7, 'scale': 0.7, 'min': -5, 'max': 5, 'pad_value': 0})
 - ('part_deltaR', {'length': 32, 'pad_mode': 'wrap', 'center': 0.2, 'scale': 4.0, 'min': -5, 'max': 5, 'pad_value': 0})
 - ('part_px', {'length': 32, 'pad_mode': 'wrap', 'center': None, 'scale': 1, 'min': -5, 'max': 5, 'pad_value': 0})
 - ('part_py', {'length': 32, 'pad_mode': 'wrap', 'center': None, 'scale': 1, 'min': -5, 'max': 5, 'pad_value': 0})
 - ('part_pz', {'length': 32, 'pad_mode': 'wrap', 'center': None, 'scale': 1, 'min': -5, 'max': 5, 'pad_value': 0})
 - ('part_energy', {'length': 32, 'pad_mode': 'wrap', 'center': None, 'scale': 1, 'min': -5, 'max': 5, 'pad_value': 0})
 - ('part_mask', {'length': 32, 'pad_mode': 'constant', 'center': None, 'scale': 1, 'min': -5, 'max': 5, 'pad_value': 0})[0m
[2026-06-04 13:30:42,160] INFO: [0;37mlabel_names: ('_label_',)[0m
[2026-06-04 13:30:42,160] INFO: [0;37mobserver_names: ()[0m
[2026-06-04 13:30:42,160] INFO: [0;37mmonitor_variables: ()[0m
[2026-06-04 13:30:42,657] INFO: Restarted DataIter train, load_range=(0.2539494679237182, 0.2639494679237182), file_list:
{
  "TTBar": [
    "/home/alang/ppCodes/part_gp/datasets/JetClass/Pythia/train_100M/TTBar_000.root",
    "/home/alang/ppCodes/part_gp/datasets/JetClass/Pythia/train_100M/TTBar_001.root",
    "/home/alang/ppCodes/part_gp/datasets/JetClass/Pythia/train_100M/TTBar_002.root",
    "/home/alang/ppCodes/part_gp/datasets/JetClass/Pythia/train_100M/TTBar_003.root",
    "/home/alang/ppCodes/part_gp/datasets/JetClass/Pythia/train_100M/TTBar_004.root",
    "/home/alang/ppCodes/part_gp/datasets/JetClass/Pythia/train_100M/TTBar_005.root",
    "/home/alang/ppCodes/part_gp/datasets/JetClass/Pythia/train_100M/TTBar_006.root",
    "/home/alang/ppCodes/part_gp/datasets/JetClass/Pythia/train_100M/TTBar_007.root",
    "/home/alang/ppCodes/part_gp/datasets/JetClass/Pythia/train_100M/TTBar_008.root",
    "/home/alang/ppCodes/part_gp/datasets/JetClass/Pythia/train_100M/TTBar_009.root",
    "/home/alang/ppCodes/part_gp/datasets/JetClass/Pythia/train_100M/TTBar_010.root",
    "/home/alang/ppCodes/part_gp/datasets/JetClass/Pythia/train_100M/TTBar_011.root",
    "/home/alang/ppCodes/part_gp/datasets/JetClass/Pythia/train_100M/TTBar_012.root",
    "/home/alang/ppCodes/part_gp/datasets/JetClass/Pythia/train_100M/TTBar_013.root",
    "/home/alang/ppCodes/part_gp/datasets/JetClass/Pythia/train_100M/TTBar_014.root",
    "/home/alang/ppCodes/part_gp/datasets/JetClass/Pythia/train_100M/TTBar_015.root",
    "/home/alang/ppCodes/part_gp/datasets/JetClass/Pythia/train_100M/TTBar_016.root",
    "/home/alang/ppCodes/part_gp/datasets/JetClass/Pythia/train_100M/TTBar_017.root",
    "/home/alang/ppCodes/part_gp/datasets/JetClass/Pythia/train_100M/TTBar_018.root",
    "/home/alang/ppCodes/part_gp/datasets/JetClass/Pythia/train_100M/TTBar_019.root",
    "/home/alang/ppCodes/part_gp/datasets/JetClass/Pythia/train_100M/TTBar_020.root",
    "/home/alang/ppCodes/part_gp/datasets/JetClass/Pythia/train_100M/TTBar_021.root",
    "/home/alang/ppCodes/part_gp/datasets/JetClass/Pythia/train_100M/TTBar_022.root",
    "/home/alang/ppCodes/part_gp/datasets/JetClass/Pythia/train_100M/TTBar_023.root",
    "/home/alang/ppCodes/part_gp/datasets/JetClass/Pythia/train_100M/TTBar_024.root",
    "/home/alang/ppCodes/part_gp/datasets/JetClass/Pythia/train_100M/TTBar_025.root",
    "/home/alang/ppCodes/part_gp/datasets/JetClass/Pythia/train_100M/TTBar_026.root",
    "/home/alang/ppCodes/part_gp/datasets/JetClass/Pythia/train_100M/TTBar_027.root",
    "/home/alang/ppCodes/part_gp/datasets/JetClass/Pythia/train_100M/TTBar_028.root",
    "/home/alang/ppCodes/part_gp/datasets/JetClass/Pythia/train_100M/TTBar_029.root",
    "/home/alang/ppCodes/part_gp/datasets/JetClass/Pythia/train_100M/TTBar_030.root",
    "/home/alang/ppCodes/part_gp/datasets/JetClass/Pythia/train_100M/TTBar_031.root",
    "/home/alang/ppCodes/part_gp/datasets/JetClass/Pythia/train_100M/TTBar_032.root",
    "/home/alang/ppCodes/part_gp/datasets/JetClass/Pythia/train_100M/TTBar_033.root",
    "/home/alang/ppCodes/part_gp/datasets/JetClass/Pythia/train_100M/TTBar_034.root",
    "/home/alang/ppCodes/part_gp/datasets/JetClass/Pythia/train_100M/TTBar_035.root",
    "/home/alang/ppCodes/part_gp/datasets/JetClass/Pythia/train_100M/TTBar_036.root",
    "/home/alang/ppCodes/part_gp/datasets/JetClass/Pythia/train_100M/TTBar_037.root",
    "/home/alang/ppCodes/part_gp/datasets/JetClass/Pythia/train_100M/TTBar_038.root",
    "/home/alang/ppCodes/part_gp/datasets/JetClass/Pythia/train_100M/TTBar_039.root",
    "/home/alang/ppCodes/part_gp/datasets/JetClass/Pythia/train_100M/TTBar_040.root",
    "/home/alang/ppCodes/part_gp/datasets/JetClass/Pythia/train_100M/TTBar_041.root",
    "/home/alang/ppCodes/part_gp/datasets/JetClass/Pythia/train_100M/TTBar_042.root",
    "/home/alang/ppCodes/part_gp/datasets/JetClass/Pythia/train_100M/TTBar_043.root",
    "/home/alang/ppCodes/part_gp/datasets/JetClass/Pythia/train_100M/TTBar_044.root",
    "/home/alang/ppCodes/part_gp/datasets/JetClass/Pythia/train_100M/TTBar_045.root",
    "/home/alang/ppCodes/part_gp/datasets/JetClass/Pythia/train_100M/TTBar_046.root",
    "/home/alang/ppCodes/part_gp/datasets/JetClass/Pythia/train_100M/TTBar_047.root",
    "/home/alang/ppCodes/part_gp/datasets/JetClass/Pythia/train_100M/TTBar_048.root",
    "/home/alang/ppCodes/part_gp/datasets/JetClass/Pythia/train_100M/TTBar_049.root",
    "/home/alang/ppCodes/part_gp/datasets/JetClass/Pythia/train_100M/TTBar_050.root",
    "/home/alang/ppCodes/part_gp/datasets/JetClass/Pythia/train_100M/TTBar_051.root",
    "/home/alang/ppCodes/part_gp/datasets/JetClass/Pythia/train_100M/TTBar_052.root",
    "/home/alang/ppCodes/part_gp/datasets/JetClass/Pythia/train_100M/TTBar_053.root",
    "/home/alang/ppCodes/part_gp/datasets/JetClass/Pythia/train_100M/TTBar_054.root",
    "/home/alang/ppCodes/part_gp/datasets/JetClass/Pythia/train_100M/TTBar_055.root",
    "/home/alang/ppCodes/part_gp/datasets/JetClass/Pythia/train_100M/TTBar_056.root",
    "/home/alang/ppCodes/part_gp/datasets/JetClass/Pythia/train_100M/TTBar_057.root",
    "/home/alang/ppCodes/part_gp/datasets/JetClass/Pythia/train_100M/TTBar_058.root",
    "/home/alang/ppCodes/part_gp/datasets/JetClass/Pythia/train_100M/TTBar_059.root",
    "/home/alang/ppCodes/part_gp/datasets/JetClass/Pythia/train_100M/TTBar_060.root",
    "/home/alang/ppCodes/part_gp/datasets/JetClass/Pythia/train_100M/TTBar_061.root",
    "/home/alang/ppCodes/part_gp/datasets/JetClass/Pythia/train_100M/TTBar_062.root",
    "/home/alang/ppCodes/part_gp/datasets/JetClass/Pythia/train_100M/TTBar_063.root",
    "/home/alang/ppCodes/part_gp/datasets/JetClass/Pythia/train_100M/TTBar_064.root",
    "/home/alang/ppCodes/part_gp/datasets/JetClass/Pythia/train_100M/TTBar_065.root",
    "/home/alang/ppCodes/part_gp/datasets/JetClass/Pythia/train_100M/TTBar_066.root",
    "/home/alang/ppCodes/part_gp/datasets/JetClass/Pythia/train_100M/TTBar_067.root",
    "/home/alang/ppCodes/part_gp/datasets/JetClass/Pythia/train_100M/TTBar_068.root",
    "/home/alang/ppCodes/part_gp/datasets/JetClass/Pythia/train_100M/TTBar_069.root",
    "/home/alang/ppCodes/part_gp/datasets/JetClass/Pythia/train_100M/TTBar_070.root",
    "/home/alang/ppCodes/part_gp/datasets/JetClass/Pythia/train_100M/TTBar_071.root",
    "/home/alang/ppCodes/part_gp/datasets/JetClass/Pythia/train_100M/TTBar_072.root",
    "/home/alang/ppCodes/part_gp/datasets/JetClass/Pythia/train_100M/TTBar_073.root",
    "/home/alang/ppCodes/part_gp/datasets/JetClass/Pythia/train_100M/TTBar_074.root",
    "/home/alang/ppCodes/part_gp/datasets/JetClass/Pythia/train_100M/TTBar_075.root",
    "/home/alang/ppCodes/part_gp/datasets/JetClass/Pythia/train_100M/TTBar_076.root",
    "/home/alang/ppCodes/part_gp/datasets/JetClass/Pythia/train_100M/TTBar_077.root",
    "/home/alang/ppCodes/part_gp/datasets/JetClass/Pythia/train_100M/TTBar_078.root",
    "/home/alang/ppCodes/part_gp/datasets/JetClass/Pythia/train_100M/TTBar_079.root",
    "/home/alang/ppCodes/part_gp/datasets/JetClass/Pythia/train_100M/TTBar_080.root",
    "/home/alang/ppCodes/part_gp/datasets/JetClass/Pythia/train_100M/TTBar_081.root",
    "/home/alang/ppCodes/part_gp/datasets/JetClass/Pythia/train_100M/TTBar_082.root",
    "/home/alang/ppCodes/part_gp/datasets/JetClass/Pythia/train_100M/TTBar_083.root",
    "/home/alang/ppCodes/part_gp/datasets/JetClass/Pythia/train_100M/TTBar_084.root",
    "/home/alang/ppCodes/part_gp/datasets/JetClass/Pythia/train_100M/TTBar_085.root",
    "/home/alang/ppCodes/part_gp/datasets/JetClass/Pythia/train_100M/TTBar_086.root",
    "/home/alang/ppCodes/part_gp/datasets/JetClass/Pythia/train_100M/TTBar_087.root",
    "/home/alang/ppCodes/part_gp/datasets/JetClass/Pythia/train_100M/TTBar_088.root",
    "/home/alang/ppCodes/part_gp/datasets/JetClass/Pythia/train_100M/TTBar_089.root",
    "/home/alang/ppCodes/part_gp/datasets/JetClass/Pythia/train_100M/TTBar_090.root",
    "/home/alang/ppCodes/part_gp/datasets/JetClass/Pythia/train_100M/TTBar_091.root",
    "/home/alang/ppCodes/part_gp/datasets/JetClass/Pythia/train_100M/TTBar_092.root",
    "/home/alang/ppCodes/part_gp/datasets/JetClass/Pythia/train_100M/TTBar_093.root",
    "/home/alang/ppCodes/part_gp/datasets/JetClass/Pythia/train_100M/TTBar_094.root",
    "/home/alang/ppCodes/part_gp/datasets/JetClass/Pythia/train_100M/TTBar_095.root",
    "/home/alang/ppCodes/part_gp/datasets/JetClass/Pythia/train_100M/TTBar_096.root",
    "/home/alang/ppCodes/part_gp/datasets/JetClass/Pythia/train_100M/TTBar_097.root",
    "/home/alang/ppCodes/part_gp/datasets/JetClass/Pythia/train_100M/TTBar_098.root",
    "/home/alang/ppCodes/part_gp/datasets/JetClass/Pythia/train_100M/TTBar_099.root"
  ],
  "ZJetsToNuNu": [
    "/home/alang/ppCodes/part_gp/datasets/JetClass/Pythia/train_100M/ZJetsToNuNu_000.root",
    "/home/alang/ppCodes/part_gp/datasets/JetClass/Pythia/train_100M/ZJetsToNuNu_001.root",
    "/home/alang/ppCodes/part_gp/datasets/JetClass/Pythia/train_100M/ZJetsToNuNu_002.root",
    "/home/alang/ppCodes/part_gp/datasets/JetClass/Pythia/train_100M/ZJetsToNuNu_003.root",
    "/home/alang/ppCodes/part_gp/datasets/JetClass/Pythia/train_100M/ZJetsToNuNu_004.root",
    "/home/alang/ppCodes/part_gp/datasets/JetClass/Pythia/train_100M/ZJetsToNuNu_005.root",
    "/home/alang/ppCodes/part_gp/datasets/JetClass/Pythia/train_100M/ZJetsToNuNu_006.root",
    "/home/alang/ppCodes/part_gp/datasets/JetClass/Pythia/train_100M/ZJetsToNuNu_007.root",
    "/home/alang/ppCodes/part_gp/datasets/JetClass/Pythia/train_100M/ZJetsToNuNu_008.root",
    "/home/alang/ppCodes/part_gp/datasets/JetClass/Pythia/train_100M/ZJetsToNuNu_009.root",
    "/home/alang/ppCodes/part_gp/datasets/JetClass/Pythia/train_100M/ZJetsToNuNu_010.root",
    "/home/alang/ppCodes/part_gp/datasets/JetClass/Pythia/train_100M/ZJetsToNuNu_011.root",
    "/home/alang/ppCodes/part_gp/datasets/JetClass/Pythia/train_100M/ZJetsToNuNu_012.root",
    "/home/alang/ppCodes/part_gp/datasets/JetClass/Pythia/train_100M/ZJetsToNuNu_013.root",
    "/home/alang/ppCodes/part_gp/datasets/JetClass/Pythia/train_100M/ZJetsToNuNu_014.root",
    "/home/alang/ppCodes/part_gp/datasets/JetClass/Pythia/train_100M/ZJetsToNuNu_015.root",
    "/home/alang/ppCodes/part_gp/datasets/JetClass/Pythia/train_100M/ZJetsToNuNu_016.root",
    "/home/alang/ppCodes/part_gp/datasets/JetClass/Pythia/train_100M/ZJetsToNuNu_017.root",
    "/home/alang/ppCodes/part_gp/datasets/JetClass/Pythia/train_100M/ZJetsToNuNu_018.root",
    "/home/alang/ppCodes/part_gp/datasets/JetClass/Pythia/train_100M/ZJetsToNuNu_019.root",
    "/home/alang/ppCodes/part_gp/datasets/JetClass/Pythia/train_100M/ZJetsToNuNu_020.root",
    "/home/alang/ppCodes/part_gp/datasets/JetClass/Pythia/train_100M/ZJetsToNuNu_021.root",
    "/home/alang/ppCodes/part_gp/datasets/JetClass/Pythia/train_100M/ZJetsToNuNu_022.root",
    "/home/alang/ppCodes/part_gp/datasets/JetClass/Pythia/train_100M/ZJetsToNuNu_023.root",
    "/home/alang/ppCodes/part_gp/datasets/JetClass/Pythia/train_100M/ZJetsToNuNu_024.root",
    "/home/alang/ppCodes/part_gp/datasets/JetClass/Pythia/train_100M/ZJetsToNuNu_025.root",
    "/home/alang/ppCodes/part_gp/datasets/JetClass/Pythia/train_100M/ZJetsToNuNu_026.root",
    "/home/alang/ppCodes/part_gp/datasets/JetClass/Pythia/train_100M/ZJetsToNuNu_027.root",
    "/home/alang/ppCodes/part_gp/datasets/JetClass/Pythia/train_100M/ZJetsToNuNu_028.root",
    "/home/alang/ppCodes/part_gp/datasets/JetClass/Pythia/train_100M/ZJetsToNuNu_029.root",
    "/home/alang/ppCodes/part_gp/datasets/JetClass/Pythia/train_100M/ZJetsToNuNu_030.root",
    "/home/alang/ppCodes/part_gp/datasets/JetClass/Pythia/train_100M/ZJetsToNuNu_031.root",
    "/home/alang/ppCodes/part_gp/datasets/JetClass/Pythia/train_100M/ZJetsToNuNu_032.root",
    "/home/alang/ppCodes/part_gp/datasets/JetClass/Pythia/train_100M/ZJetsToNuNu_033.root",
    "/home/alang/ppCodes/part_gp/datasets/JetClass/Pythia/train_100M/ZJetsToNuNu_034.root",
    "/home/alang/ppCodes/part_gp/datasets/JetClass/Pythia/train_100M/ZJetsToNuNu_035.root",
    "/home/alang/ppCodes/part_gp/datasets/JetClass/Pythia/train_100M/ZJetsToNuNu_036.root",
    "/home/alang/ppCodes/part_gp/datasets/JetClass/Pythia/train_100M/ZJetsToNuNu_037.root",
    "/home/alang/ppCodes/part_gp/datasets/JetClass/Pythia/train_100M/ZJetsToNuNu_038.root",
    "/home/alang/ppCodes/part_gp/datasets/JetClass/Pythia/train_100M/ZJetsToNuNu_039.root",
    "/home/alang/ppCodes/part_gp/datasets/JetClass/Pythia/train_100M/ZJetsToNuNu_040.root",
    "/home/alang/ppCodes/part_gp/datasets/JetClass/Pythia/train_100M/ZJetsToNuNu_041.root",
    "/home/alang/ppCodes/part_gp/datasets/JetClass/Pythia/train_100M/ZJetsToNuNu_042.root",
    "/home/alang/ppCodes/part_gp/datasets/JetClass/Pythia/train_100M/ZJetsToNuNu_043.root",
    "/home/alang/ppCodes/part_gp/datasets/JetClass/Pythia/train_100M/ZJetsToNuNu_044.root",
    "/home/alang/ppCodes/part_gp/datasets/JetClass/Pythia/train_100M/ZJetsToNuNu_045.root",
    "/home/alang/ppCodes/part_gp/datasets/JetClass/Pythia/train_100M/ZJetsToNuNu_046.root",
    "/home/alang/ppCodes/part_gp/datasets/JetClass/Pythia/train_100M/ZJetsToNuNu_047.root",
    "/home/alang/ppCodes/part_gp/datasets/JetClass/Pythia/train_100M/ZJetsToNuNu_048.root",
    "/home/alang/ppCodes/part_gp/datasets/JetClass/Pythia/train_100M/ZJetsToNuNu_049.root",
    "/home/alang/ppCodes/part_gp/datasets/JetClass/Pythia/train_100M/ZJetsToNuNu_050.root",
    "/home/alang/ppCodes/part_gp/datasets/JetClass/Pythia/train_100M/ZJetsToNuNu_051.root",
    "/home/alang/ppCodes/part_gp/datasets/JetClass/Pythia/train_100M/ZJetsToNuNu_052.root",
    "/home/alang/ppCodes/part_gp/datasets/JetClass/Pythia/train_100M/ZJetsToNuNu_053.root",
    "/home/alang/ppCodes/part_gp/datasets/JetClass/Pythia/train_100M/ZJetsToNuNu_054.root",
    "/home/alang/ppCodes/part_gp/datasets/JetClass/Pythia/train_100M/ZJetsToNuNu_055.root",
    "/home/alang/ppCodes/part_gp/datasets/JetClass/Pythia/train_100M/ZJetsToNuNu_056.root",
    "/home/alang/ppCodes/part_gp/datasets/JetClass/Pythia/train_100M/ZJetsToNuNu_057.root",
    "/home/alang/ppCodes/part_gp/datasets/JetClass/Pythia/train_100M/ZJetsToNuNu_058.root",
    "/home/alang/ppCodes/part_gp/datasets/JetClass/Pythia/train_100M/ZJetsToNuNu_059.root",
    "/home/alang/ppCodes/part_gp/datasets/JetClass/Pythia/train_100M/ZJetsToNuNu_060.root",
    "/home/alang/ppCodes/part_gp/datasets/JetClass/Pythia/train_100M/ZJetsToNuNu_061.root",
    "/home/alang/ppCodes/part_gp/datasets/JetClass/Pythia/train_100M/ZJetsToNuNu_062.root",
    "/home/alang/ppCodes/part_gp/datasets/JetClass/Pythia/train_100M/ZJetsToNuNu_063.root",
    "/home/alang/ppCodes/part_gp/datasets/JetClass/Pythia/train_100M/ZJetsToNuNu_064.root",
    "/home/alang/ppCodes/part_gp/datasets/JetClass/Pythia/train_100M/ZJetsToNuNu_065.root",
    "/home/alang/ppCodes/part_gp/datasets/JetClass/Pythia/train_100M/ZJetsToNuNu_066.root",
    "/home/alang/ppCodes/part_gp/datasets/JetClass/Pythia/train_100M/ZJetsToNuNu_067.root",
    "/home/alang/ppCodes/part_gp/datasets/JetClass/Pythia/train_100M/ZJetsToNuNu_068.root",
    "/home/alang/ppCodes/part_gp/datasets/JetClass/Pythia/train_100M/ZJetsToNuNu_069.root",
    "/home/alang/ppCodes/part_gp/datasets/JetClass/Pythia/train_100M/ZJetsToNuNu_070.root",
    "/home/alang/ppCodes/part_gp/datasets/JetClass/Pythia/train_100M/ZJetsToNuNu_071.root",
    "/home/alang/ppCodes/part_gp/datasets/JetClass/Pythia/train_100M/ZJetsToNuNu_072.root",
    "/home/alang/ppCodes/part_gp/datasets/JetClass/Pythia/train_100M/ZJetsToNuNu_073.root",
    "/home/alang/ppCodes/part_gp/datasets/JetClass/Pythia/train_100M/ZJetsToNuNu_074.root",
    "/home/alang/ppCodes/part_gp/datasets/JetClass/Pythia/train_100M/ZJetsToNuNu_075.root",
    "/home/alang/ppCodes/part_gp/datasets/JetClass/Pythia/train_100M/ZJetsToNuNu_076.root",
    "/home/alang/ppCodes/part_gp/datasets/JetClass/Pythia/train_100M/ZJetsToNuNu_077.root",
    "/home/alang/ppCodes/part_gp/datasets/JetClass/Pythia/train_100M/ZJetsToNuNu_078.root",
    "/home/alang/ppCodes/part_gp/datasets/JetClass/Pythia/train_100M/ZJetsToNuNu_079.root",
    "/home/alang/ppCodes/part_gp/datasets/JetClass/Pythia/train_100M/ZJetsToNuNu_080.root",
    "/home/alang/ppCodes/part_gp/datasets/JetClass/Pythia/train_100M/ZJetsToNuNu_081.root",
    "/home/alang/ppCodes/part_gp/datasets/JetClass/Pythia/train_100M/ZJetsToNuNu_082.root",
    "/home/alang/ppCodes/part_gp/datasets/JetClass/Pythia/train_100M/ZJetsToNuNu_083.root",
    "/home/alang/ppCodes/part_gp/datasets/JetClass/Pythia/train_100M/ZJetsToNuNu_084.root",
    "/home/alang/ppCodes/part_gp/datasets/JetClass/Pythia/train_100M/ZJetsToNuNu_085.root",
    "/home/alang/ppCodes/part_gp/datasets/JetClass/Pythia/train_100M/ZJetsToNuNu_086.root",
    "/home/alang/ppCodes/part_gp/datasets/JetClass/Pythia/train_100M/ZJetsToNuNu_087.root",
    "/home/alang/ppCodes/part_gp/datasets/JetClass/Pythia/train_100M/ZJetsToNuNu_088.root",
    "/home/alang/ppCodes/part_gp/datasets/JetClass/Pythia/train_100M/ZJetsToNuNu_089.root",
    "/home/alang/ppCodes/part_gp/datasets/JetClass/Pythia/train_100M/ZJetsToNuNu_090.root",
    "/home/alang/ppCodes/part_gp/datasets/JetClass/Pythia/train_100M/ZJetsToNuNu_091.root",
    "/home/alang/ppCodes/part_gp/datasets/JetClass/Pythia/train_100M/ZJetsToNuNu_092.root",
    "/home/alang/ppCodes/part_gp/datasets/JetClass/Pythia/train_100M/ZJetsToNuNu_093.root",
    "/home/alang/ppCodes/part_gp/datasets/JetClass/Pythia/train_100M/ZJetsToNuNu_094.root",
    "/home/alang/ppCodes/part_gp/datasets/JetClass/Pythia/train_100M/ZJetsToNuNu_095.root",
    "/home/alang/ppCodes/part_gp/datasets/JetClass/Pythia/train_100M/ZJetsToNuNu_096.root",
    "/home/alang/ppCodes/part_gp/datasets/JetClass/Pythia/train_100M/ZJetsToNuNu_097.root",
    "/home/alang/ppCodes/part_gp/datasets/JetClass/Pythia/train_100M/ZJetsToNuNu_098.root",
    "/home/alang/ppCodes/part_gp/datasets/JetClass/Pythia/train_100M/ZJetsToNuNu_099.root"
  ]
}
[2026-06-04 20:08:56,903] INFO: PySRRegressor.equations_ = [
[
	    pick     score                                           equation      loss  complexity
	0         0.000000                                                 x4  2.201173           1
	1         0.282775                                      9.590588 ^ x4  1.250372           3
	2         0.325415                       1.9335886 - (x4 * -4.505339)  0.652210           5
	3         0.046502                 (tanh(x4) + 0.36074755) * 5.358949  0.622575           6
	4         0.078698                (x4 + (1.9693189 ^ x8)) * 4.4051375  0.575458           7
	5         0.034451          (tanh(x4) * 5.252544) + (x8 - -3.1822143)  0.555971           8
	6   >>>>  0.076321       (x1 - -4.1389256) * (x4 + (2.1940374 ^ x10))  0.515117           9
	7         0.034465   (sin(x10) + (x4 + 1.2894329)) * (x1 + 4.0443997)  0.497667          10
	8         0.014052  ((2.3753188 ^ x10) + x4) * (x1 + (x10 - -5.199...  0.490722          11
	9         0.009641  (x1 + (x10 + 5.555028)) * ((2.550552 ^ x10) + ...  0.486014          12
	10        0.018003  (x1 - ((x15 + -4.039678) - x10)) * ((2.2871017...  0.477343          13
	11        0.009391  ((x1 + 6.0418487) + x10) * (((x10 + 3.886342) ...  0.472881          14
	12        0.012507  (tanh(x4) + tanh((x10 + 3.868698) ^ x10)) * ((...  0.467004          15
	13        0.010019  (tanh(x4) + ((x10 + (4.1964164 - x6)) ^ x10)) ...  0.462348          16
	14        0.011757  (x10 + (x1 + 5.980745)) * (tanh(((4.163101 + x...  0.456944          17
	15        0.017891  x8 + (sin(x4 - 5.5583267) * (x1 + ((x4 + 5.608...  0.448842          18
	16        0.023028  x8 + ((((x4 + (x10 + x1)) + 5.855546) + sin(x6...  0.438624          19
	17        0.018643  (((x1 - x7) + ((((x10 + x4) + 6.816569) + x13)...  0.430523          20
	18        0.013547  ((((x1 + (sin(x6 - x7) + (x10 + x4))) * 1.2876...  0.424730          21
	19        0.006458  (((x10 + x4) + ((x13 + x1) + ((6.656235 - x7) ...  0.413899          25
	20        0.002642  (sin(x10 + x1) + (sin(x4 - -0.6908718) * ((x10...  0.412807          26
	21        0.010908  (sin(x10 + x1) + (sin(x4 - -0.83028305) * ((((...  0.408328          27
	22        0.005009  sin(x10 + x1) + ((sin(x4 - tanh(x15)) * (sin(x...  0.406288          28
	23        0.005994  (sin(x10 + x1) + (sin(x4 - -0.88643205) * (x6 ...  0.401446          30
	24        0.016700  sin(x10 + x1) + (-0.70864296 + (sin(x4 - -0.92...  0.394798          31
	25        0.002766  (sin(x4 - tanh(x12)) * ((sin(x6 - x7) + 1.3153...  0.393707          32
	26        0.004213  (((((((x13 + x10) - sin(x11)) + x1) + 5.938631...  0.390403          34
	27        0.010944  sin(x10 + x1) + ((((sin(x6 - x7) + 1.7425573) ...  0.381951          36
	28        0.012110  sin(x10 + x1) + ((sin(x4 - tanh(x12)) * (sin(x...  0.377354          37
	29        0.001767  sin(x10 + x1) + ((sin(x4 - (tanh(x12) - 0.0531...  0.376023          39
], [
	    pick     score                                           equation      loss  complexity
	0         0.000000                                                 x0  2.550390           1
	1         0.155307                                    x4 * -2.8404107  1.869427           3
	2         0.010686                               tanh(x4) * -3.392788  1.849556           4
	3         1.100243                      (-4.5439305 * x4) + -2.135121  0.615514           5
	4         0.047319                 (-0.394806 - tanh(x4)) * 5.3835588  0.587067           6
	5   >>>>  0.066977               ((-0.7613098 - x4) * 4.4417725) - x8  0.549035           7
	6         0.044241          ((-0.6392136 - tanh(x4)) * 5.271988) - x8  0.525274           8
	7         0.045892        ((x10 + 5.39713) * (-0.77209693 - x4)) - x8  0.501713           9
	8         0.035588  ((6.2351813 + x10) * (-0.64700127 - tanh(x4)))...  0.484172          10
	9         0.004757  ((x10 + 6.6141906) * (-0.60154676 - tanh(sin(x...  0.481875          11
	10        0.026885  ((x6 + (5.3751726 - x2)) * (-0.6478471 - tanh(...  0.469092          12
	11        0.005902  (((x6 + 5.7784624) - x2) * (-0.6017122 - tanh(...  0.466332          13
	12        0.042578  ((-0.6512859 - tanh(x4)) * ((6.35958 - (x7 + x...  0.446893          14
	13        0.019862  ((-0.65602106 - tanh(x4)) * (5.1164827 - (sin(...  0.438104          15
	14        0.004942  (((x10 + 6.293362) - (x7 + (x2 * x2))) * (-0.6...  0.435945          16
	15        0.032647  (((x10 + 6.1992607) - (tanh(x7 - x6) + x2)) * ...  0.421942          17
	16        0.006478  ((-0.6468863 - tanh(x4)) * ((x10 + (((x2 * x2)...  0.419218          18
	17        0.003999  ((-0.6468863 - tanh(x4)) * ((6.7219963 + ((x2 ...  0.417545          19
	18        0.000791  ((((x6 + 5.2911463) - (x2 + x7)) - (x2 * (x2 -...  0.417215          20
	19        0.027039  ((5.302773 + (x10 - ((x6 * (x15 + x4)) + sin(x...  0.406085          21
	20        0.002642  ((((x10 + 6.262673) + tanh(x6 - (x7 + x2))) - ...  0.403945          23
	21        0.008448  (((-0.6392136 - tanh(x4)) * (((6.7890463 - ((x...  0.400546          24
	22        0.006744  (((-0.6392136 - tanh(x4)) * (((6.7890463 - ((x...  0.397854          25
	23        0.007665  (((-0.63081664 - tanh(x4)) * ((7.1321363 + (x1...  0.394816          26
	24        0.009121  (((-0.63081664 - tanh(x4)) * (((x10 + 7.132136...  0.391231          27
	25        0.008070  (((-0.63081664 - tanh(x4)) * (((x10 - (((x4 - ...  0.388087          28
	26        0.000046  ((((-0.63081664 - tanh(x4)) * ((7.1321363 + (x...  0.388052          30
	27        0.000095  ((((-0.63081664 - tanh(x4)) * (((x10 - (((x4 -...  0.387978          32
	28        0.000111  ((((-0.63081664 - tanh(x4)) * (((x10 - (((x4 -...  0.387892          34
]]
[2026-06-04 20:08:56,927] INFO: Regressor Params:{'adaptive_parsimony_scaling': 1040.0, 'alpha': 3.17, 'annealing': True, 'autodiff_backend': None, 'batch_size': 50, 'batching': True, 'binary_operators': ['+', '-', '*', '/', '^'], 'bumper': False, 'cluster_manager': None, 'complexity_mapping': None, 'complexity_of_constants': None, 'complexity_of_operators': None, 'complexity_of_variables': None, 'constraints': {'^': (-1, 1)}, 'crossover_probability': 0.0259, 'delete_tempfiles': True, 'denoise': False, 'deterministic': False, 'dimensional_constraint_penalty': None, 'dimensionless_constants_only': False, 'early_stop_condition': None, 'elementwise_loss': 'HuberLoss(1.35)', 'expression_spec': None, 'extra_jax_mappings': None, 'extra_sympy_mappings': None, 'extra_torch_mappings': None, 'fast_cycle': False, 'fraction_replaced': 0.00036, 'fraction_replaced_hof': 0.0614, 'heap_size_hint_in_bytes': None, 'hof_migration': True, 'input_stream': 'stdin', 'logger_spec': None, 'loss_function': None, 'loss_function_expression': None, 'loss_scale': 'log', 'max_evals': None, 'maxdepth': None, 'maxsize': 40, 'migration': True, 'model_selection': 'best', 'ncycles_per_iteration': 1520, 'nested_constraints': {'*': {'tanh': 2}, 'tanh': {'tanh': 0, '^': 1, 'sin': 1}, 'sin': {'sin': 0}}, 'niterations': 4560, 'optimize_probability': 0.14, 'optimizer_algorithm': 'BFGS', 'optimizer_f_calls_limit': None, 'optimizer_iterations': 8, 'optimizer_nrestarts': 2, 'output_directory': '/home/alang/ppCodes/part_gp/outputs/sr_runs/TTBar/Surrogate', 'output_jax_format': False, 'output_torch_format': True, 'parallelism': None, 'parsimony': 0.01, 'perturbation_factor': 0.129, 'population_size': 27, 'populations': 48, 'precision': 32, 'print_precision': 5, 'probability_negate_constant': 0.00743, 'procs': None, 'progress': True, 'random_state': 42, 'run_id': 'Surrogate_default_ResNet_BVAE_SR', 'select_k_features': None, 'should_optimize_constants': True, 'should_simplify': True, 'skip_mutation_failures': True, 'temp_equation_file': False, 'tempdir': None, 'timeout_in_seconds': None, 'topn': 12, 'tournament_selection_n': 15, 'tournament_selection_p': 0.982, 'turbo': False, 'unary_operators': ['sqrt', 'tanh', 'sin'], 'update': False, 'update_verbosity': None, 'use_frequency': True, 'use_frequency_in_tournament': True, 'verbosity': 1, 'warm_start': False, 'warmup_maxsize_by': None, 'weight_add_node': 2.47, 'weight_delete_node': 0.87, 'weight_do_nothing': 0.273, 'weight_insert_node': 0.0112, 'weight_mutate_constant': 0.0346, 'weight_mutate_operator': 0.293, 'weight_optimize': 0.001, 'weight_randomize': 0.000502, 'weight_rotate_tree': 4.26, 'weight_simplify': 0.00209, 'weight_swap_operands': 0.198}
[2026-06-04 20:09:16,164] INFO: Started!
[2026-06-04 20:09:16,164] INFO: args:
 - ('comp', 'SR')
 - ('data_train', ['TTBar:/home/alang/ppCodes/part_gp/datasets/JetClass/Pythia/train_100M/TTBar_*.root', 'ZJetsToNuNu:/home/alang/ppCodes/part_gp/datasets/JetClass/Pythia/train_100M/ZJetsToNuNu_*.root'])
 - ('data_val', ['TTBar:/home/alang/ppCodes/part_gp/datasets/JetClass/Pythia/val_5M/TTBar_*.root', 'ZJetsToNuNu:/home/alang/ppCodes/part_gp/datasets/JetClass/Pythia/val_5M/ZJetsToNuNu_*.root'])
 - ('data_test', ['TTBar:/home/alang/ppCodes/part_gp/datasets/JetClass/Pythia/test_20M/TTBar_*.root', 'ZJetsToNuNu:/home/alang/ppCodes/part_gp/datasets/JetClass/Pythia/test_20M/ZJetsToNuNu_*.root'])
 - ('data_config', '/home/alang/ppCodes/part_gp/data_config/JetClass/JetClass_TTBar.yaml')
 - ('data_fraction', 0.01)
 - ('file_fraction', 1.0)
 - ('batch_size', 64)
 - ('num_epochs', 5)
 - ('num_workers', 0)
 - ('optimizer', 'ranger')
 - ('optimizer_option', [])
 - ('start_lr', 0.001)
 - ('final_lr', 0.001)
 - ('lr_scheduler', 'flat+decay')
 - ('model_network', '/home/alang/ppCodes/part_gp/wrappers/ParticleNet.py')
 - ('model_path', '/home/alang/ppCodes/part_gp/outputs/models/TTBar/ParticleNet/ParticleNet_M11-PARTICLENET_DL_epoch-4_state.pt')
 - ('model_prefix', None)
 - ('log', '/home/alang/ppCodes/part_gp/outputs/logs/TTBar/Surrogate_default_SR_20260603_213449.log')
 - ('metrics_prefix', None)
 - ('figures_prefix', None)
 - ('teacher_network', None)
 - ('teacher_path', None)
 - ('teacher_prefix', None)
 - ('kd_temp', 1)
 - ('kd_anneal', False)
 - ('kd_weight', 1)
 - ('dr_method', 'encoder')
 - ('dr_network', '/home/alang/ppCodes/part_gp/wrappers/vae.py')
 - ('dr_path', '/home/alang/ppCodes/part_gp/outputs/models/TTBar/BVAE/BVAE_M6-BVAE_DR_epoch-4_state.pt')
 - ('alpha', 1.0)
 - ('beta', 4.0)
 - ('gamma', 1.0)
 - ('kl_anneal', False)
 - ('svae_weight', 1.0)
 - ('bit_size', None)
 - ('sr_prefix', '/home/alang/ppCodes/part_gp/outputs/sr_runs/TTBar/Surrogate/Surrogate_default_ParticleNet_BVAE_SR')
 - ('max_size', 40)
 - ('n_iterations', 4560)
 - ('n_populations', 48)
 - ('population_size', 27)
 - ('iteration_cycles', 1520)
 - ('weight_optimize', 0.001)
 - ('parsimony', 0.01)
 - ('sr_loss', 'HuberLoss(1.35)')
 - ('binary_operators', ['+', '-', '*', '/', '^'])
 - ('unary_operators', ['sqrt', 'tanh', 'sin'])
 - ('constraints', {'^': (-1, 1)})
 - ('nested_constraints', {'*': {'tanh': 2}, 'tanh': {'tanh': 0, '^': 1, 'sin': 1}, 'sin': {'sin': 0}})
 - ('sr_annealing', True)
 - ('sr_batching', True)
[2026-06-04 20:09:16,169] INFO: Using 200 files for training, range: (0, 1)
[2026-06-04 20:09:16,169] INFO: Using 10 files for validation, range: (0, 1)
[2026-06-04 20:09:16,173] INFO: [0;37mpreprocess config: {'method': 'manual', 'data_fraction': 0.5, 'params': None}[0m
[2026-06-04 20:09:16,173] INFO: [0;37mselection: None[0m
[2026-06-04 20:09:16,173] INFO: [0;37mtest_time_selection: None[0m
[2026-06-04 20:09:16,174] INFO: [0;37mvar_funcs:
 - ('part_mask', 'ak.ones_like(part_energy)')
 - ('part_pt', 'np.hypot(part_px, part_py)')
 - ('part_pt_log', 'np.log(part_pt)')
 - ('part_e_log', 'np.log(part_energy)')
 - ('part_logptrel', 'np.log(part_pt/jet_pt)')
 - ('part_logerel', 'np.log(part_energy/jet_energy)')
 - ('part_deltaR', 'np.hypot(part_deta, part_dphi)')
 - ('_label_', 'np.argmax(np.stack([ak.to_numpy(label_QCD),ak.to_numpy(label_Tbqq)], axis=1), axis=1)')
 - ('_labelcheck_', 'np.sum(np.stack([ak.to_numpy(label_QCD),ak.to_numpy(label_Tbqq)], axis=1), axis=1)')[0m
[2026-06-04 20:09:16,174] INFO: [0;37minput_names: ('pf_points', 'pf_features', 'pf_vectors', 'pf_mask')[0m
[2026-06-04 20:09:16,174] INFO: [0;37minput_dicts:
 - ('pf_points', ['part_deta', 'part_dphi'])
 - ('pf_features', ['part_pt_log', 'part_e_log', 'part_logptrel', 'part_logerel', 'part_deltaR', 'part_deta', 'part_dphi'])
 - ('pf_vectors', ['part_px', 'part_py', 'part_pz', 'part_energy'])
 - ('pf_mask', ['part_mask'])[0m
[2026-06-04 20:09:16,174] INFO: [0;37minput_shapes:
 - ('pf_points', (-1, 2, 32))
 - ('pf_features', (-1, 7, 32))
 - ('pf_vectors', (-1, 4, 32))
 - ('pf_mask', (-1, 1, 32))[0m
[2026-06-04 20:09:16,174] INFO: [0;37mpreprocess_params:
 - ('part_deta', {'length': 32, 'pad_mode': 'wrap', 'center': None, 'scale': 1, 'min': -5, 'max': 5, 'pad_value': 0})
 - ('part_dphi', {'length': 32, 'pad_mode': 'wrap', 'center': None, 'scale': 1, 'min': -5, 'max': 5, 'pad_value': 0})
 - ('part_pt_log', {'length': 32, 'pad_mode': 'wrap', 'center': 1.7, 'scale': 0.7, 'min': -5, 'max': 5, 'pad_value': 0})
 - ('part_e_log', {'length': 32, 'pad_mode': 'wrap', 'center': 2.0, 'scale': 0.7, 'min': -5, 'max': 5, 'pad_value': 0})
 - ('part_logptrel', {'length': 32, 'pad_mode': 'wrap', 'center': -4.7, 'scale': 0.7, 'min': -5, 'max': 5, 'pad_value': 0})
 - ('part_logerel', {'length': 32, 'pad_mode': 'wrap', 'center': -4.7, 'scale': 0.7, 'min': -5, 'max': 5, 'pad_value': 0})
 - ('part_deltaR', {'length': 32, 'pad_mode': 'wrap', 'center': 0.2, 'scale': 4.0, 'min': -5, 'max': 5, 'pad_value': 0})
 - ('part_px', {'length': 32, 'pad_mode': 'wrap', 'center': None, 'scale': 1, 'min': -5, 'max': 5, 'pad_value': 0})
 - ('part_py', {'length': 32, 'pad_mode': 'wrap', 'center': None, 'scale': 1, 'min': -5, 'max': 5, 'pad_value': 0})
 - ('part_pz', {'length': 32, 'pad_mode': 'wrap', 'center': None, 'scale': 1, 'min': -5, 'max': 5, 'pad_value': 0})
 - ('part_energy', {'length': 32, 'pad_mode': 'wrap', 'center': None, 'scale': 1, 'min': -5, 'max': 5, 'pad_value': 0})
 - ('part_mask', {'length': 32, 'pad_mode': 'constant', 'center': None, 'scale': 1, 'min': -5, 'max': 5, 'pad_value': 0})[0m
[2026-06-04 20:09:16,174] INFO: [0;37mlabel_names: ('_label_',)[0m
[2026-06-04 20:09:16,174] INFO: [0;37mobserver_names: ('jet_pt', 'jet_eta', 'jet_phi', 'jet_energy', 'jet_nparticles', 'jet_sdmass', 'jet_tau1', 'jet_tau2', 'jet_tau3', 'jet_tau4')[0m
[2026-06-04 20:09:16,174] INFO: [0;37mmonitor_variables: ()[0m
[2026-06-04 20:09:16,179] INFO: [0;37mpreprocess config: {'method': 'manual', 'data_fraction': 0.5, 'params': None}[0m
[2026-06-04 20:09:16,179] INFO: [0;37mselection: None[0m
[2026-06-04 20:09:16,179] INFO: [0;37mtest_time_selection: None[0m
[2026-06-04 20:09:16,180] INFO: [0;37mvar_funcs:
 - ('part_mask', 'ak.ones_like(part_energy)')
 - ('part_pt', 'np.hypot(part_px, part_py)')
 - ('part_pt_log', 'np.log(part_pt)')
 - ('part_e_log', 'np.log(part_energy)')
 - ('part_logptrel', 'np.log(part_pt/jet_pt)')
 - ('part_logerel', 'np.log(part_energy/jet_energy)')
 - ('part_deltaR', 'np.hypot(part_deta, part_dphi)')
 - ('_label_', 'np.argmax(np.stack([ak.to_numpy(label_QCD),ak.to_numpy(label_Tbqq)], axis=1), axis=1)')
 - ('_labelcheck_', 'np.sum(np.stack([ak.to_numpy(label_QCD),ak.to_numpy(label_Tbqq)], axis=1), axis=1)')[0m
[2026-06-04 20:09:16,180] INFO: [0;37minput_names: ('pf_points', 'pf_features', 'pf_vectors', 'pf_mask')[0m
[2026-06-04 20:09:16,180] INFO: [0;37minput_dicts:
 - ('pf_points', ['part_deta', 'part_dphi'])
 - ('pf_features', ['part_pt_log', 'part_e_log', 'part_logptrel', 'part_logerel', 'part_deltaR', 'part_deta', 'part_dphi'])
 - ('pf_vectors', ['part_px', 'part_py', 'part_pz', 'part_energy'])
 - ('pf_mask', ['part_mask'])[0m
[2026-06-04 20:09:16,180] INFO: [0;37minput_shapes:
 - ('pf_points', (-1, 2, 32))
 - ('pf_features', (-1, 7, 32))
 - ('pf_vectors', (-1, 4, 32))
 - ('pf_mask', (-1, 1, 32))[0m
[2026-06-04 20:09:16,180] INFO: [0;37mpreprocess_params:
 - ('part_deta', {'length': 32, 'pad_mode': 'wrap', 'center': None, 'scale': 1, 'min': -5, 'max': 5, 'pad_value': 0})
 - ('part_dphi', {'length': 32, 'pad_mode': 'wrap', 'center': None, 'scale': 1, 'min': -5, 'max': 5, 'pad_value': 0})
 - ('part_pt_log', {'length': 32, 'pad_mode': 'wrap', 'center': 1.7, 'scale': 0.7, 'min': -5, 'max': 5, 'pad_value': 0})
 - ('part_e_log', {'length': 32, 'pad_mode': 'wrap', 'center': 2.0, 'scale': 0.7, 'min': -5, 'max': 5, 'pad_value': 0})
 - ('part_logptrel', {'length': 32, 'pad_mode': 'wrap', 'center': -4.7, 'scale': 0.7, 'min': -5, 'max': 5, 'pad_value': 0})
 - ('part_logerel', {'length': 32, 'pad_mode': 'wrap', 'center': -4.7, 'scale': 0.7, 'min': -5, 'max': 5, 'pad_value': 0})
 - ('part_deltaR', {'length': 32, 'pad_mode': 'wrap', 'center': 0.2, 'scale': 4.0, 'min': -5, 'max': 5, 'pad_value': 0})
 - ('part_px', {'length': 32, 'pad_mode': 'wrap', 'center': None, 'scale': 1, 'min': -5, 'max': 5, 'pad_value': 0})
 - ('part_py', {'length': 32, 'pad_mode': 'wrap', 'center': None, 'scale': 1, 'min': -5, 'max': 5, 'pad_value': 0})
 - ('part_pz', {'length': 32, 'pad_mode': 'wrap', 'center': None, 'scale': 1, 'min': -5, 'max': 5, 'pad_value': 0})
 - ('part_energy', {'length': 32, 'pad_mode': 'wrap', 'center': None, 'scale': 1, 'min': -5, 'max': 5, 'pad_value': 0})
 - ('part_mask', {'length': 32, 'pad_mode': 'constant', 'center': None, 'scale': 1, 'min': -5, 'max': 5, 'pad_value': 0})[0m
[2026-06-04 20:09:16,180] INFO: [0;37mlabel_names: ('_label_',)[0m
[2026-06-04 20:09:16,180] INFO: [0;37mobserver_names: ()[0m
[2026-06-04 20:09:16,180] INFO: [0;37mmonitor_variables: ()[0m
[2026-06-04 20:09:16,184] INFO: [0;37mpreprocess config: {'method': 'manual', 'data_fraction': 0.5, 'params': None}[0m
[2026-06-04 20:09:16,184] INFO: [0;37mselection: None[0m
[2026-06-04 20:09:16,185] INFO: [0;37mtest_time_selection: None[0m
[2026-06-04 20:09:16,185] INFO: [0;37mvar_funcs:
 - ('part_mask', 'ak.ones_like(part_energy)')
 - ('part_pt', 'np.hypot(part_px, part_py)')
 - ('part_pt_log', 'np.log(part_pt)')
 - ('part_e_log', 'np.log(part_energy)')
 - ('part_logptrel', 'np.log(part_pt/jet_pt)')
 - ('part_logerel', 'np.log(part_energy/jet_energy)')
 - ('part_deltaR', 'np.hypot(part_deta, part_dphi)')
 - ('_label_', 'np.argmax(np.stack([ak.to_numpy(label_QCD),ak.to_numpy(label_Tbqq)], axis=1), axis=1)')
 - ('_labelcheck_', 'np.sum(np.stack([ak.to_numpy(label_QCD),ak.to_numpy(label_Tbqq)], axis=1), axis=1)')[0m
[2026-06-04 20:09:16,185] INFO: [0;37minput_names: ('pf_points', 'pf_features', 'pf_vectors', 'pf_mask')[0m
[2026-06-04 20:09:16,185] INFO: [0;37minput_dicts:
 - ('pf_points', ['part_deta', 'part_dphi'])
 - ('pf_features', ['part_pt_log', 'part_e_log', 'part_logptrel', 'part_logerel', 'part_deltaR', 'part_deta', 'part_dphi'])
 - ('pf_vectors', ['part_px', 'part_py', 'part_pz', 'part_energy'])
 - ('pf_mask', ['part_mask'])[0m
[2026-06-04 20:09:16,185] INFO: [0;37minput_shapes:
 - ('pf_points', (-1, 2, 32))
 - ('pf_features', (-1, 7, 32))
 - ('pf_vectors', (-1, 4, 32))
 - ('pf_mask', (-1, 1, 32))[0m
[2026-06-04 20:09:16,185] INFO: [0;37mpreprocess_params:
 - ('part_deta', {'length': 32, 'pad_mode': 'wrap', 'center': None, 'scale': 1, 'min': -5, 'max': 5, 'pad_value': 0})
 - ('part_dphi', {'length': 32, 'pad_mode': 'wrap', 'center': None, 'scale': 1, 'min': -5, 'max': 5, 'pad_value': 0})
 - ('part_pt_log', {'length': 32, 'pad_mode': 'wrap', 'center': 1.7, 'scale': 0.7, 'min': -5, 'max': 5, 'pad_value': 0})
 - ('part_e_log', {'length': 32, 'pad_mode': 'wrap', 'center': 2.0, 'scale': 0.7, 'min': -5, 'max': 5, 'pad_value': 0})
 - ('part_logptrel', {'length': 32, 'pad_mode': 'wrap', 'center': -4.7, 'scale': 0.7, 'min': -5, 'max': 5, 'pad_value': 0})
 - ('part_logerel', {'length': 32, 'pad_mode': 'wrap', 'center': -4.7, 'scale': 0.7, 'min': -5, 'max': 5, 'pad_value': 0})
 - ('part_deltaR', {'length': 32, 'pad_mode': 'wrap', 'center': 0.2, 'scale': 4.0, 'min': -5, 'max': 5, 'pad_value': 0})
 - ('part_px', {'length': 32, 'pad_mode': 'wrap', 'center': None, 'scale': 1, 'min': -5, 'max': 5, 'pad_value': 0})
 - ('part_py', {'length': 32, 'pad_mode': 'wrap', 'center': None, 'scale': 1, 'min': -5, 'max': 5, 'pad_value': 0})
 - ('part_pz', {'length': 32, 'pad_mode': 'wrap', 'center': None, 'scale': 1, 'min': -5, 'max': 5, 'pad_value': 0})
 - ('part_energy', {'length': 32, 'pad_mode': 'wrap', 'center': None, 'scale': 1, 'min': -5, 'max': 5, 'pad_value': 0})
 - ('part_mask', {'length': 32, 'pad_mode': 'constant', 'center': None, 'scale': 1, 'min': -5, 'max': 5, 'pad_value': 0})[0m
[2026-06-04 20:09:16,185] INFO: [0;37mlabel_names: ('_label_',)[0m
[2026-06-04 20:09:16,185] INFO: [0;37mobserver_names: ('jet_pt', 'jet_eta', 'jet_phi', 'jet_energy', 'jet_nparticles', 'jet_sdmass', 'jet_tau1', 'jet_tau2', 'jet_tau3', 'jet_tau4')[0m
[2026-06-04 20:09:16,185] INFO: [0;37mmonitor_variables: ()[0m
[2026-06-04 20:09:16,189] INFO: [0;37mpreprocess config: {'method': 'manual', 'data_fraction': 0.5, 'params': None}[0m
[2026-06-04 20:09:16,189] INFO: [0;37mselection: None[0m
[2026-06-04 20:09:16,189] INFO: [0;37mtest_time_selection: None[0m
[2026-06-04 20:09:16,190] INFO: [0;37mvar_funcs:
 - ('part_mask', 'ak.ones_like(part_energy)')
 - ('part_pt', 'np.hypot(part_px, part_py)')
 - ('part_pt_log', 'np.log(part_pt)')
 - ('part_e_log', 'np.log(part_energy)')
 - ('part_logptrel', 'np.log(part_pt/jet_pt)')
 - ('part_logerel', 'np.log(part_energy/jet_energy)')
 - ('part_deltaR', 'np.hypot(part_deta, part_dphi)')
 - ('_label_', 'np.argmax(np.stack([ak.to_numpy(label_QCD),ak.to_numpy(label_Tbqq)], axis=1), axis=1)')
 - ('_labelcheck_', 'np.sum(np.stack([ak.to_numpy(label_QCD),ak.to_numpy(label_Tbqq)], axis=1), axis=1)')[0m
[2026-06-04 20:09:16,190] INFO: [0;37minput_names: ('pf_points', 'pf_features', 'pf_vectors', 'pf_mask')[0m
[2026-06-04 20:09:16,190] INFO: [0;37minput_dicts:
 - ('pf_points', ['part_deta', 'part_dphi'])
 - ('pf_features', ['part_pt_log', 'part_e_log', 'part_logptrel', 'part_logerel', 'part_deltaR', 'part_deta', 'part_dphi'])
 - ('pf_vectors', ['part_px', 'part_py', 'part_pz', 'part_energy'])
 - ('pf_mask', ['part_mask'])[0m
[2026-06-04 20:09:16,190] INFO: [0;37minput_shapes:
 - ('pf_points', (-1, 2, 32))
 - ('pf_features', (-1, 7, 32))
 - ('pf_vectors', (-1, 4, 32))
 - ('pf_mask', (-1, 1, 32))[0m
[2026-06-04 20:09:16,190] INFO: [0;37mpreprocess_params:
 - ('part_deta', {'length': 32, 'pad_mode': 'wrap', 'center': None, 'scale': 1, 'min': -5, 'max': 5, 'pad_value': 0})
 - ('part_dphi', {'length': 32, 'pad_mode': 'wrap', 'center': None, 'scale': 1, 'min': -5, 'max': 5, 'pad_value': 0})
 - ('part_pt_log', {'length': 32, 'pad_mode': 'wrap', 'center': 1.7, 'scale': 0.7, 'min': -5, 'max': 5, 'pad_value': 0})
 - ('part_e_log', {'length': 32, 'pad_mode': 'wrap', 'center': 2.0, 'scale': 0.7, 'min': -5, 'max': 5, 'pad_value': 0})
 - ('part_logptrel', {'length': 32, 'pad_mode': 'wrap', 'center': -4.7, 'scale': 0.7, 'min': -5, 'max': 5, 'pad_value': 0})
 - ('part_logerel', {'length': 32, 'pad_mode': 'wrap', 'center': -4.7, 'scale': 0.7, 'min': -5, 'max': 5, 'pad_value': 0})
 - ('part_deltaR', {'length': 32, 'pad_mode': 'wrap', 'center': 0.2, 'scale': 4.0, 'min': -5, 'max': 5, 'pad_value': 0})
 - ('part_px', {'length': 32, 'pad_mode': 'wrap', 'center': None, 'scale': 1, 'min': -5, 'max': 5, 'pad_value': 0})
 - ('part_py', {'length': 32, 'pad_mode': 'wrap', 'center': None, 'scale': 1, 'min': -5, 'max': 5, 'pad_value': 0})
 - ('part_pz', {'length': 32, 'pad_mode': 'wrap', 'center': None, 'scale': 1, 'min': -5, 'max': 5, 'pad_value': 0})
 - ('part_energy', {'length': 32, 'pad_mode': 'wrap', 'center': None, 'scale': 1, 'min': -5, 'max': 5, 'pad_value': 0})
 - ('part_mask', {'length': 32, 'pad_mode': 'constant', 'center': None, 'scale': 1, 'min': -5, 'max': 5, 'pad_value': 0})[0m
[2026-06-04 20:09:16,190] INFO: [0;37mlabel_names: ('_label_',)[0m
[2026-06-04 20:09:16,190] INFO: [0;37mobserver_names: ()[0m
[2026-06-04 20:09:16,190] INFO: [0;37mmonitor_variables: ()[0m
[2026-06-04 20:09:16,196] INFO: [0;37mpreprocess config: {'method': 'manual', 'data_fraction': 0.5, 'params': None}[0m
[2026-06-04 20:09:16,196] INFO: [0;37mselection: None[0m
[2026-06-04 20:09:16,196] INFO: [0;37mtest_time_selection: None[0m
[2026-06-04 20:09:16,196] INFO: [0;37mvar_funcs:
 - ('part_mask', 'ak.ones_like(part_energy)')
 - ('part_pt', 'np.hypot(part_px, part_py)')
 - ('part_pt_log', 'np.log(part_pt)')
 - ('part_e_log', 'np.log(part_energy)')
 - ('part_logptrel', 'np.log(part_pt/jet_pt)')
 - ('part_logerel', 'np.log(part_energy/jet_energy)')
 - ('part_deltaR', 'np.hypot(part_deta, part_dphi)')
 - ('_label_', 'np.argmax(np.stack([ak.to_numpy(label_QCD),ak.to_numpy(label_Tbqq)], axis=1), axis=1)')
 - ('_labelcheck_', 'np.sum(np.stack([ak.to_numpy(label_QCD),ak.to_numpy(label_Tbqq)], axis=1), axis=1)')[0m
[2026-06-04 20:09:16,196] INFO: [0;37minput_names: ('pf_points', 'pf_features', 'pf_vectors', 'pf_mask')[0m
[2026-06-04 20:09:16,196] INFO: [0;37minput_dicts:
 - ('pf_points', ['part_deta', 'part_dphi'])
 - ('pf_features', ['part_pt_log', 'part_e_log', 'part_logptrel', 'part_logerel', 'part_deltaR', 'part_deta', 'part_dphi'])
 - ('pf_vectors', ['part_px', 'part_py', 'part_pz', 'part_energy'])
 - ('pf_mask', ['part_mask'])[0m
[2026-06-04 20:09:16,196] INFO: [0;37minput_shapes:
 - ('pf_points', (-1, 2, 32))
 - ('pf_features', (-1, 7, 32))
 - ('pf_vectors', (-1, 4, 32))
 - ('pf_mask', (-1, 1, 32))[0m
[2026-06-04 20:09:16,196] INFO: [0;37mpreprocess_params:
 - ('part_deta', {'length': 32, 'pad_mode': 'wrap', 'center': None, 'scale': 1, 'min': -5, 'max': 5, 'pad_value': 0})
 - ('part_dphi', {'length': 32, 'pad_mode': 'wrap', 'center': None, 'scale': 1, 'min': -5, 'max': 5, 'pad_value': 0})
 - ('part_pt_log', {'length': 32, 'pad_mode': 'wrap', 'center': 1.7, 'scale': 0.7, 'min': -5, 'max': 5, 'pad_value': 0})
 - ('part_e_log', {'length': 32, 'pad_mode': 'wrap', 'center': 2.0, 'scale': 0.7, 'min': -5, 'max': 5, 'pad_value': 0})
 - ('part_logptrel', {'length': 32, 'pad_mode': 'wrap', 'center': -4.7, 'scale': 0.7, 'min': -5, 'max': 5, 'pad_value': 0})
 - ('part_logerel', {'length': 32, 'pad_mode': 'wrap', 'center': -4.7, 'scale': 0.7, 'min': -5, 'max': 5, 'pad_value': 0})
 - ('part_deltaR', {'length': 32, 'pad_mode': 'wrap', 'center': 0.2, 'scale': 4.0, 'min': -5, 'max': 5, 'pad_value': 0})
 - ('part_px', {'length': 32, 'pad_mode': 'wrap', 'center': None, 'scale': 1, 'min': -5, 'max': 5, 'pad_value': 0})
 - ('part_py', {'length': 32, 'pad_mode': 'wrap', 'center': None, 'scale': 1, 'min': -5, 'max': 5, 'pad_value': 0})
 - ('part_pz', {'length': 32, 'pad_mode': 'wrap', 'center': None, 'scale': 1, 'min': -5, 'max': 5, 'pad_value': 0})
 - ('part_energy', {'length': 32, 'pad_mode': 'wrap', 'center': None, 'scale': 1, 'min': -5, 'max': 5, 'pad_value': 0})
 - ('part_mask', {'length': 32, 'pad_mode': 'constant', 'center': None, 'scale': 1, 'min': -5, 'max': 5, 'pad_value': 0})[0m
[2026-06-04 20:09:16,197] INFO: [0;37mlabel_names: ('_label_',)[0m
[2026-06-04 20:09:16,197] INFO: [0;37mobserver_names: ('jet_pt', 'jet_eta', 'jet_phi', 'jet_energy', 'jet_nparticles', 'jet_sdmass', 'jet_tau1', 'jet_tau2', 'jet_tau3', 'jet_tau4')[0m
[2026-06-04 20:09:16,197] INFO: [0;37mmonitor_variables: ()[0m
[2026-06-04 20:09:16,201] INFO: [0;37mpreprocess config: {'method': 'manual', 'data_fraction': 0.5, 'params': None}[0m
[2026-06-04 20:09:16,202] INFO: [0;37mselection: None[0m
[2026-06-04 20:09:16,202] INFO: [0;37mtest_time_selection: None[0m
[2026-06-04 20:09:16,202] INFO: [0;37mvar_funcs:
 - ('part_mask', 'ak.ones_like(part_energy)')
 - ('part_pt', 'np.hypot(part_px, part_py)')
 - ('part_pt_log', 'np.log(part_pt)')
 - ('part_e_log', 'np.log(part_energy)')
 - ('part_logptrel', 'np.log(part_pt/jet_pt)')
 - ('part_logerel', 'np.log(part_energy/jet_energy)')
 - ('part_deltaR', 'np.hypot(part_deta, part_dphi)')
 - ('_label_', 'np.argmax(np.stack([ak.to_numpy(label_QCD),ak.to_numpy(label_Tbqq)], axis=1), axis=1)')
 - ('_labelcheck_', 'np.sum(np.stack([ak.to_numpy(label_QCD),ak.to_numpy(label_Tbqq)], axis=1), axis=1)')[0m
[2026-06-04 20:09:16,202] INFO: [0;37minput_names: ('pf_points', 'pf_features', 'pf_vectors', 'pf_mask')[0m
[2026-06-04 20:09:16,202] INFO: [0;37minput_dicts:
 - ('pf_points', ['part_deta', 'part_dphi'])
 - ('pf_features', ['part_pt_log', 'part_e_log', 'part_logptrel', 'part_logerel', 'part_deltaR', 'part_deta', 'part_dphi'])
 - ('pf_vectors', ['part_px', 'part_py', 'part_pz', 'part_energy'])
 - ('pf_mask', ['part_mask'])[0m
[2026-06-04 20:09:16,202] INFO: [0;37minput_shapes:
 - ('pf_points', (-1, 2, 32))
 - ('pf_features', (-1, 7, 32))
 - ('pf_vectors', (-1, 4, 32))
 - ('pf_mask', (-1, 1, 32))[0m
[2026-06-04 20:09:16,202] INFO: [0;37mpreprocess_params:
 - ('part_deta', {'length': 32, 'pad_mode': 'wrap', 'center': None, 'scale': 1, 'min': -5, 'max': 5, 'pad_value': 0})
 - ('part_dphi', {'length': 32, 'pad_mode': 'wrap', 'center': None, 'scale': 1, 'min': -5, 'max': 5, 'pad_value': 0})
 - ('part_pt_log', {'length': 32, 'pad_mode': 'wrap', 'center': 1.7, 'scale': 0.7, 'min': -5, 'max': 5, 'pad_value': 0})
 - ('part_e_log', {'length': 32, 'pad_mode': 'wrap', 'center': 2.0, 'scale': 0.7, 'min': -5, 'max': 5, 'pad_value': 0})
 - ('part_logptrel', {'length': 32, 'pad_mode': 'wrap', 'center': -4.7, 'scale': 0.7, 'min': -5, 'max': 5, 'pad_value': 0})
 - ('part_logerel', {'length': 32, 'pad_mode': 'wrap', 'center': -4.7, 'scale': 0.7, 'min': -5, 'max': 5, 'pad_value': 0})
 - ('part_deltaR', {'length': 32, 'pad_mode': 'wrap', 'center': 0.2, 'scale': 4.0, 'min': -5, 'max': 5, 'pad_value': 0})
 - ('part_px', {'length': 32, 'pad_mode': 'wrap', 'center': None, 'scale': 1, 'min': -5, 'max': 5, 'pad_value': 0})
 - ('part_py', {'length': 32, 'pad_mode': 'wrap', 'center': None, 'scale': 1, 'min': -5, 'max': 5, 'pad_value': 0})
 - ('part_pz', {'length': 32, 'pad_mode': 'wrap', 'center': None, 'scale': 1, 'min': -5, 'max': 5, 'pad_value': 0})
 - ('part_energy', {'length': 32, 'pad_mode': 'wrap', 'center': None, 'scale': 1, 'min': -5, 'max': 5, 'pad_value': 0})
 - ('part_mask', {'length': 32, 'pad_mode': 'constant', 'center': None, 'scale': 1, 'min': -5, 'max': 5, 'pad_value': 0})[0m
[2026-06-04 20:09:16,202] INFO: [0;37mlabel_names: ('_label_',)[0m
[2026-06-04 20:09:16,202] INFO: [0;37mobserver_names: ('jet_pt', 'jet_eta', 'jet_phi', 'jet_energy', 'jet_nparticles', 'jet_sdmass', 'jet_tau1', 'jet_tau2', 'jet_tau3', 'jet_tau4')[0m
[2026-06-04 20:09:16,202] INFO: [0;37mmonitor_variables: ()[0m
[2026-06-04 20:09:16,203] INFO: Performing Symbolic Regression
[2026-06-04 20:09:16,208] INFO: [0;37mpreprocess config: {'method': 'manual', 'data_fraction': 0.5, 'params': None}[0m
[2026-06-04 20:09:16,208] INFO: [0;37mselection: None[0m
[2026-06-04 20:09:16,208] INFO: [0;37mtest_time_selection: None[0m
[2026-06-04 20:09:16,208] INFO: [0;37mvar_funcs:
 - ('part_mask', 'ak.ones_like(part_energy)')
 - ('part_pt', 'np.hypot(part_px, part_py)')
 - ('part_pt_log', 'np.log(part_pt)')
 - ('part_e_log', 'np.log(part_energy)')
 - ('part_logptrel', 'np.log(part_pt/jet_pt)')
 - ('part_logerel', 'np.log(part_energy/jet_energy)')
 - ('part_deltaR', 'np.hypot(part_deta, part_dphi)')
 - ('_label_', 'np.argmax(np.stack([ak.to_numpy(label_QCD),ak.to_numpy(label_Tbqq)], axis=1), axis=1)')
 - ('_labelcheck_', 'np.sum(np.stack([ak.to_numpy(label_QCD),ak.to_numpy(label_Tbqq)], axis=1), axis=1)')[0m
[2026-06-04 20:09:16,208] INFO: [0;37minput_names: ('pf_points', 'pf_features', 'pf_vectors', 'pf_mask')[0m
[2026-06-04 20:09:16,208] INFO: [0;37minput_dicts:
 - ('pf_points', ['part_deta', 'part_dphi'])
 - ('pf_features', ['part_pt_log', 'part_e_log', 'part_logptrel', 'part_logerel', 'part_deltaR', 'part_deta', 'part_dphi'])
 - ('pf_vectors', ['part_px', 'part_py', 'part_pz', 'part_energy'])
 - ('pf_mask', ['part_mask'])[0m
[2026-06-04 20:09:16,208] INFO: [0;37minput_shapes:
 - ('pf_points', (-1, 2, 32))
 - ('pf_features', (-1, 7, 32))
 - ('pf_vectors', (-1, 4, 32))
 - ('pf_mask', (-1, 1, 32))[0m
[2026-06-04 20:09:16,208] INFO: [0;37mpreprocess_params:
 - ('part_deta', {'length': 32, 'pad_mode': 'wrap', 'center': None, 'scale': 1, 'min': -5, 'max': 5, 'pad_value': 0})
 - ('part_dphi', {'length': 32, 'pad_mode': 'wrap', 'center': None, 'scale': 1, 'min': -5, 'max': 5, 'pad_value': 0})
 - ('part_pt_log', {'length': 32, 'pad_mode': 'wrap', 'center': 1.7, 'scale': 0.7, 'min': -5, 'max': 5, 'pad_value': 0})
 - ('part_e_log', {'length': 32, 'pad_mode': 'wrap', 'center': 2.0, 'scale': 0.7, 'min': -5, 'max': 5, 'pad_value': 0})
 - ('part_logptrel', {'length': 32, 'pad_mode': 'wrap', 'center': -4.7, 'scale': 0.7, 'min': -5, 'max': 5, 'pad_value': 0})
 - ('part_logerel', {'length': 32, 'pad_mode': 'wrap', 'center': -4.7, 'scale': 0.7, 'min': -5, 'max': 5, 'pad_value': 0})
 - ('part_deltaR', {'length': 32, 'pad_mode': 'wrap', 'center': 0.2, 'scale': 4.0, 'min': -5, 'max': 5, 'pad_value': 0})
 - ('part_px', {'length': 32, 'pad_mode': 'wrap', 'center': None, 'scale': 1, 'min': -5, 'max': 5, 'pad_value': 0})
 - ('part_py', {'length': 32, 'pad_mode': 'wrap', 'center': None, 'scale': 1, 'min': -5, 'max': 5, 'pad_value': 0})
 - ('part_pz', {'length': 32, 'pad_mode': 'wrap', 'center': None, 'scale': 1, 'min': -5, 'max': 5, 'pad_value': 0})
 - ('part_energy', {'length': 32, 'pad_mode': 'wrap', 'center': None, 'scale': 1, 'min': -5, 'max': 5, 'pad_value': 0})
 - ('part_mask', {'length': 32, 'pad_mode': 'constant', 'center': None, 'scale': 1, 'min': -5, 'max': 5, 'pad_value': 0})[0m
[2026-06-04 20:09:16,208] INFO: [0;37mlabel_names: ('_label_',)[0m
[2026-06-04 20:09:16,208] INFO: [0;37mobserver_names: ('jet_pt', 'jet_eta', 'jet_phi', 'jet_energy', 'jet_nparticles', 'jet_sdmass', 'jet_tau1', 'jet_tau2', 'jet_tau3', 'jet_tau4')[0m
[2026-06-04 20:09:16,208] INFO: [0;37mmonitor_variables: ()[0m
[2026-06-04 20:09:16,213] INFO: [0;37mpreprocess config: {'method': 'manual', 'data_fraction': 0.5, 'params': None}[0m
[2026-06-04 20:09:16,213] INFO: [0;37mselection: None[0m
[2026-06-04 20:09:16,213] INFO: [0;37mtest_time_selection: None[0m
[2026-06-04 20:09:16,213] INFO: [0;37mvar_funcs:
 - ('part_mask', 'ak.ones_like(part_energy)')
 - ('part_pt', 'np.hypot(part_px, part_py)')
 - ('part_pt_log', 'np.log(part_pt)')
 - ('part_e_log', 'np.log(part_energy)')
 - ('part_logptrel', 'np.log(part_pt/jet_pt)')
 - ('part_logerel', 'np.log(part_energy/jet_energy)')
 - ('part_deltaR', 'np.hypot(part_deta, part_dphi)')
 - ('_label_', 'np.argmax(np.stack([ak.to_numpy(label_QCD),ak.to_numpy(label_Tbqq)], axis=1), axis=1)')
 - ('_labelcheck_', 'np.sum(np.stack([ak.to_numpy(label_QCD),ak.to_numpy(label_Tbqq)], axis=1), axis=1)')[0m
[2026-06-04 20:09:16,213] INFO: [0;37minput_names: ('pf_points', 'pf_features', 'pf_vectors', 'pf_mask')[0m
[2026-06-04 20:09:16,213] INFO: [0;37minput_dicts:
 - ('pf_points', ['part_deta', 'part_dphi'])
 - ('pf_features', ['part_pt_log', 'part_e_log', 'part_logptrel', 'part_logerel', 'part_deltaR', 'part_deta', 'part_dphi'])
 - ('pf_vectors', ['part_px', 'part_py', 'part_pz', 'part_energy'])
 - ('pf_mask', ['part_mask'])[0m
[2026-06-04 20:09:16,213] INFO: [0;37minput_shapes:
 - ('pf_points', (-1, 2, 32))
 - ('pf_features', (-1, 7, 32))
 - ('pf_vectors', (-1, 4, 32))
 - ('pf_mask', (-1, 1, 32))[0m
[2026-06-04 20:09:16,213] INFO: [0;37mpreprocess_params:
 - ('part_deta', {'length': 32, 'pad_mode': 'wrap', 'center': None, 'scale': 1, 'min': -5, 'max': 5, 'pad_value': 0})
 - ('part_dphi', {'length': 32, 'pad_mode': 'wrap', 'center': None, 'scale': 1, 'min': -5, 'max': 5, 'pad_value': 0})
 - ('part_pt_log', {'length': 32, 'pad_mode': 'wrap', 'center': 1.7, 'scale': 0.7, 'min': -5, 'max': 5, 'pad_value': 0})
 - ('part_e_log', {'length': 32, 'pad_mode': 'wrap', 'center': 2.0, 'scale': 0.7, 'min': -5, 'max': 5, 'pad_value': 0})
 - ('part_logptrel', {'length': 32, 'pad_mode': 'wrap', 'center': -4.7, 'scale': 0.7, 'min': -5, 'max': 5, 'pad_value': 0})
 - ('part_logerel', {'length': 32, 'pad_mode': 'wrap', 'center': -4.7, 'scale': 0.7, 'min': -5, 'max': 5, 'pad_value': 0})
 - ('part_deltaR', {'length': 32, 'pad_mode': 'wrap', 'center': 0.2, 'scale': 4.0, 'min': -5, 'max': 5, 'pad_value': 0})
 - ('part_px', {'length': 32, 'pad_mode': 'wrap', 'center': None, 'scale': 1, 'min': -5, 'max': 5, 'pad_value': 0})
 - ('part_py', {'length': 32, 'pad_mode': 'wrap', 'center': None, 'scale': 1, 'min': -5, 'max': 5, 'pad_value': 0})
 - ('part_pz', {'length': 32, 'pad_mode': 'wrap', 'center': None, 'scale': 1, 'min': -5, 'max': 5, 'pad_value': 0})
 - ('part_energy', {'length': 32, 'pad_mode': 'wrap', 'center': None, 'scale': 1, 'min': -5, 'max': 5, 'pad_value': 0})
 - ('part_mask', {'length': 32, 'pad_mode': 'constant', 'center': None, 'scale': 1, 'min': -5, 'max': 5, 'pad_value': 0})[0m
[2026-06-04 20:09:16,213] INFO: [0;37mlabel_names: ('_label_',)[0m
[2026-06-04 20:09:16,213] INFO: [0;37mobserver_names: ()[0m
[2026-06-04 20:09:16,213] INFO: [0;37mmonitor_variables: ()[0m
[2026-06-04 20:09:16,214] INFO: Model config: {'input_dims': 7, 'set_size': 32, 'phi_sizes': (256, 256, 256), 'fc_sizes': (256, 256, 256), 'use_bn': False, 'latent_dim': 8, 'relaxed': True, 'expander_relu': False, 'n_pieces': 20}
[2026-06-04 20:09:16,269] INFO: [0;37mpreprocess config: {'method': 'manual', 'data_fraction': 0.5, 'params': None}[0m
[2026-06-04 20:09:16,269] INFO: [0;37mselection: None[0m
[2026-06-04 20:09:16,269] INFO: [0;37mtest_time_selection: None[0m
[2026-06-04 20:09:16,269] INFO: [0;37mvar_funcs:
 - ('part_mask', 'ak.ones_like(part_energy)')
 - ('part_pt', 'np.hypot(part_px, part_py)')
 - ('part_pt_log', 'np.log(part_pt)')
 - ('part_e_log', 'np.log(part_energy)')
 - ('part_logptrel', 'np.log(part_pt/jet_pt)')
 - ('part_logerel', 'np.log(part_energy/jet_energy)')
 - ('part_deltaR', 'np.hypot(part_deta, part_dphi)')
 - ('_label_', 'np.argmax(np.stack([ak.to_numpy(label_QCD),ak.to_numpy(label_Tbqq)], axis=1), axis=1)')
 - ('_labelcheck_', 'np.sum(np.stack([ak.to_numpy(label_QCD),ak.to_numpy(label_Tbqq)], axis=1), axis=1)')[0m
[2026-06-04 20:09:16,270] INFO: [0;37minput_names: ('pf_points', 'pf_features', 'pf_vectors', 'pf_mask')[0m
[2026-06-04 20:09:16,270] INFO: [0;37minput_dicts:
 - ('pf_points', ['part_deta', 'part_dphi'])
 - ('pf_features', ['part_pt_log', 'part_e_log', 'part_logptrel', 'part_logerel', 'part_deltaR', 'part_deta', 'part_dphi'])
 - ('pf_vectors', ['part_px', 'part_py', 'part_pz', 'part_energy'])
 - ('pf_mask', ['part_mask'])[0m
[2026-06-04 20:09:16,270] INFO: [0;37minput_shapes:
 - ('pf_points', (-1, 2, 32))
 - ('pf_features', (-1, 7, 32))
 - ('pf_vectors', (-1, 4, 32))
 - ('pf_mask', (-1, 1, 32))[0m
[2026-06-04 20:09:16,270] INFO: [0;37mpreprocess_params:
 - ('part_deta', {'length': 32, 'pad_mode': 'wrap', 'center': None, 'scale': 1, 'min': -5, 'max': 5, 'pad_value': 0})
 - ('part_dphi', {'length': 32, 'pad_mode': 'wrap', 'center': None, 'scale': 1, 'min': -5, 'max': 5, 'pad_value': 0})
 - ('part_pt_log', {'length': 32, 'pad_mode': 'wrap', 'center': 1.7, 'scale': 0.7, 'min': -5, 'max': 5, 'pad_value': 0})
 - ('part_e_log', {'length': 32, 'pad_mode': 'wrap', 'center': 2.0, 'scale': 0.7, 'min': -5, 'max': 5, 'pad_value': 0})
 - ('part_logptrel', {'length': 32, 'pad_mode': 'wrap', 'center': -4.7, 'scale': 0.7, 'min': -5, 'max': 5, 'pad_value': 0})
 - ('part_logerel', {'length': 32, 'pad_mode': 'wrap', 'center': -4.7, 'scale': 0.7, 'min': -5, 'max': 5, 'pad_value': 0})
 - ('part_deltaR', {'length': 32, 'pad_mode': 'wrap', 'center': 0.2, 'scale': 4.0, 'min': -5, 'max': 5, 'pad_value': 0})
 - ('part_px', {'length': 32, 'pad_mode': 'wrap', 'center': None, 'scale': 1, 'min': -5, 'max': 5, 'pad_value': 0})
 - ('part_py', {'length': 32, 'pad_mode': 'wrap', 'center': None, 'scale': 1, 'min': -5, 'max': 5, 'pad_value': 0})
 - ('part_pz', {'length': 32, 'pad_mode': 'wrap', 'center': None, 'scale': 1, 'min': -5, 'max': 5, 'pad_value': 0})
 - ('part_energy', {'length': 32, 'pad_mode': 'wrap', 'center': None, 'scale': 1, 'min': -5, 'max': 5, 'pad_value': 0})
 - ('part_mask', {'length': 32, 'pad_mode': 'constant', 'center': None, 'scale': 1, 'min': -5, 'max': 5, 'pad_value': 0})[0m
[2026-06-04 20:09:16,270] INFO: [0;37mlabel_names: ('_label_',)[0m
[2026-06-04 20:09:16,270] INFO: [0;37mobserver_names: ('jet_pt', 'jet_eta', 'jet_phi', 'jet_energy', 'jet_nparticles', 'jet_sdmass', 'jet_tau1', 'jet_tau2', 'jet_tau3', 'jet_tau4')[0m
[2026-06-04 20:09:16,270] INFO: [0;37mmonitor_variables: ()[0m
[2026-06-04 20:09:16,277] INFO: [0;37mpreprocess config: {'method': 'manual', 'data_fraction': 0.5, 'params': None}[0m
[2026-06-04 20:09:16,277] INFO: [0;37mselection: None[0m
[2026-06-04 20:09:16,277] INFO: [0;37mtest_time_selection: None[0m
[2026-06-04 20:09:16,278] INFO: [0;37mvar_funcs:
 - ('part_mask', 'ak.ones_like(part_energy)')
 - ('part_pt', 'np.hypot(part_px, part_py)')
 - ('part_pt_log', 'np.log(part_pt)')
 - ('part_e_log', 'np.log(part_energy)')
 - ('part_logptrel', 'np.log(part_pt/jet_pt)')
 - ('part_logerel', 'np.log(part_energy/jet_energy)')
 - ('part_deltaR', 'np.hypot(part_deta, part_dphi)')
 - ('_label_', 'np.argmax(np.stack([ak.to_numpy(label_QCD),ak.to_numpy(label_Tbqq)], axis=1), axis=1)')
 - ('_labelcheck_', 'np.sum(np.stack([ak.to_numpy(label_QCD),ak.to_numpy(label_Tbqq)], axis=1), axis=1)')[0m
[2026-06-04 20:09:16,278] INFO: [0;37minput_names: ('pf_points', 'pf_features', 'pf_vectors', 'pf_mask')[0m
[2026-06-04 20:09:16,278] INFO: [0;37minput_dicts:
 - ('pf_points', ['part_deta', 'part_dphi'])
 - ('pf_features', ['part_pt_log', 'part_e_log', 'part_logptrel', 'part_logerel', 'part_deltaR', 'part_deta', 'part_dphi'])
 - ('pf_vectors', ['part_px', 'part_py', 'part_pz', 'part_energy'])
 - ('pf_mask', ['part_mask'])[0m
[2026-06-04 20:09:16,278] INFO: [0;37minput_shapes:
 - ('pf_points', (-1, 2, 32))
 - ('pf_features', (-1, 7, 32))
 - ('pf_vectors', (-1, 4, 32))
 - ('pf_mask', (-1, 1, 32))[0m
[2026-06-04 20:09:16,278] INFO: [0;37mpreprocess_params:
 - ('part_deta', {'length': 32, 'pad_mode': 'wrap', 'center': None, 'scale': 1, 'min': -5, 'max': 5, 'pad_value': 0})
 - ('part_dphi', {'length': 32, 'pad_mode': 'wrap', 'center': None, 'scale': 1, 'min': -5, 'max': 5, 'pad_value': 0})
 - ('part_pt_log', {'length': 32, 'pad_mode': 'wrap', 'center': 1.7, 'scale': 0.7, 'min': -5, 'max': 5, 'pad_value': 0})
 - ('part_e_log', {'length': 32, 'pad_mode': 'wrap', 'center': 2.0, 'scale': 0.7, 'min': -5, 'max': 5, 'pad_value': 0})
 - ('part_logptrel', {'length': 32, 'pad_mode': 'wrap', 'center': -4.7, 'scale': 0.7, 'min': -5, 'max': 5, 'pad_value': 0})
 - ('part_logerel', {'length': 32, 'pad_mode': 'wrap', 'center': -4.7, 'scale': 0.7, 'min': -5, 'max': 5, 'pad_value': 0})
 - ('part_deltaR', {'length': 32, 'pad_mode': 'wrap', 'center': 0.2, 'scale': 4.0, 'min': -5, 'max': 5, 'pad_value': 0})
 - ('part_px', {'length': 32, 'pad_mode': 'wrap', 'center': None, 'scale': 1, 'min': -5, 'max': 5, 'pad_value': 0})
 - ('part_py', {'length': 32, 'pad_mode': 'wrap', 'center': None, 'scale': 1, 'min': -5, 'max': 5, 'pad_value': 0})
 - ('part_pz', {'length': 32, 'pad_mode': 'wrap', 'center': None, 'scale': 1, 'min': -5, 'max': 5, 'pad_value': 0})
 - ('part_energy', {'length': 32, 'pad_mode': 'wrap', 'center': None, 'scale': 1, 'min': -5, 'max': 5, 'pad_value': 0})
 - ('part_mask', {'length': 32, 'pad_mode': 'constant', 'center': None, 'scale': 1, 'min': -5, 'max': 5, 'pad_value': 0})[0m
[2026-06-04 20:09:16,278] INFO: [0;37mlabel_names: ('_label_',)[0m
[2026-06-04 20:09:16,278] INFO: [0;37mobserver_names: ()[0m
[2026-06-04 20:09:16,278] INFO: [0;37mmonitor_variables: ()[0m
[2026-06-04 20:09:16,840] INFO: Restarted DataIter train, load_range=(0.3692895973952876, 0.3792895973952876), file_list:
{
  "TTBar": [
    "/home/alang/ppCodes/part_gp/datasets/JetClass/Pythia/train_100M/TTBar_000.root",
    "/home/alang/ppCodes/part_gp/datasets/JetClass/Pythia/train_100M/TTBar_001.root",
    "/home/alang/ppCodes/part_gp/datasets/JetClass/Pythia/train_100M/TTBar_002.root",
    "/home/alang/ppCodes/part_gp/datasets/JetClass/Pythia/train_100M/TTBar_003.root",
    "/home/alang/ppCodes/part_gp/datasets/JetClass/Pythia/train_100M/TTBar_004.root",
    "/home/alang/ppCodes/part_gp/datasets/JetClass/Pythia/train_100M/TTBar_005.root",
    "/home/alang/ppCodes/part_gp/datasets/JetClass/Pythia/train_100M/TTBar_006.root",
    "/home/alang/ppCodes/part_gp/datasets/JetClass/Pythia/train_100M/TTBar_007.root",
    "/home/alang/ppCodes/part_gp/datasets/JetClass/Pythia/train_100M/TTBar_008.root",
    "/home/alang/ppCodes/part_gp/datasets/JetClass/Pythia/train_100M/TTBar_009.root",
    "/home/alang/ppCodes/part_gp/datasets/JetClass/Pythia/train_100M/TTBar_010.root",
    "/home/alang/ppCodes/part_gp/datasets/JetClass/Pythia/train_100M/TTBar_011.root",
    "/home/alang/ppCodes/part_gp/datasets/JetClass/Pythia/train_100M/TTBar_012.root",
    "/home/alang/ppCodes/part_gp/datasets/JetClass/Pythia/train_100M/TTBar_013.root",
    "/home/alang/ppCodes/part_gp/datasets/JetClass/Pythia/train_100M/TTBar_014.root",
    "/home/alang/ppCodes/part_gp/datasets/JetClass/Pythia/train_100M/TTBar_015.root",
    "/home/alang/ppCodes/part_gp/datasets/JetClass/Pythia/train_100M/TTBar_016.root",
    "/home/alang/ppCodes/part_gp/datasets/JetClass/Pythia/train_100M/TTBar_017.root",
    "/home/alang/ppCodes/part_gp/datasets/JetClass/Pythia/train_100M/TTBar_018.root",
    "/home/alang/ppCodes/part_gp/datasets/JetClass/Pythia/train_100M/TTBar_019.root",
    "/home/alang/ppCodes/part_gp/datasets/JetClass/Pythia/train_100M/TTBar_020.root",
    "/home/alang/ppCodes/part_gp/datasets/JetClass/Pythia/train_100M/TTBar_021.root",
    "/home/alang/ppCodes/part_gp/datasets/JetClass/Pythia/train_100M/TTBar_022.root",
    "/home/alang/ppCodes/part_gp/datasets/JetClass/Pythia/train_100M/TTBar_023.root",
    "/home/alang/ppCodes/part_gp/datasets/JetClass/Pythia/train_100M/TTBar_024.root",
    "/home/alang/ppCodes/part_gp/datasets/JetClass/Pythia/train_100M/TTBar_025.root",
    "/home/alang/ppCodes/part_gp/datasets/JetClass/Pythia/train_100M/TTBar_026.root",
    "/home/alang/ppCodes/part_gp/datasets/JetClass/Pythia/train_100M/TTBar_027.root",
    "/home/alang/ppCodes/part_gp/datasets/JetClass/Pythia/train_100M/TTBar_028.root",
    "/home/alang/ppCodes/part_gp/datasets/JetClass/Pythia/train_100M/TTBar_029.root",
    "/home/alang/ppCodes/part_gp/datasets/JetClass/Pythia/train_100M/TTBar_030.root",
    "/home/alang/ppCodes/part_gp/datasets/JetClass/Pythia/train_100M/TTBar_031.root",
    "/home/alang/ppCodes/part_gp/datasets/JetClass/Pythia/train_100M/TTBar_032.root",
    "/home/alang/ppCodes/part_gp/datasets/JetClass/Pythia/train_100M/TTBar_033.root",
    "/home/alang/ppCodes/part_gp/datasets/JetClass/Pythia/train_100M/TTBar_034.root",
    "/home/alang/ppCodes/part_gp/datasets/JetClass/Pythia/train_100M/TTBar_035.root",
    "/home/alang/ppCodes/part_gp/datasets/JetClass/Pythia/train_100M/TTBar_036.root",
    "/home/alang/ppCodes/part_gp/datasets/JetClass/Pythia/train_100M/TTBar_037.root",
    "/home/alang/ppCodes/part_gp/datasets/JetClass/Pythia/train_100M/TTBar_038.root",
    "/home/alang/ppCodes/part_gp/datasets/JetClass/Pythia/train_100M/TTBar_039.root",
    "/home/alang/ppCodes/part_gp/datasets/JetClass/Pythia/train_100M/TTBar_040.root",
    "/home/alang/ppCodes/part_gp/datasets/JetClass/Pythia/train_100M/TTBar_041.root",
    "/home/alang/ppCodes/part_gp/datasets/JetClass/Pythia/train_100M/TTBar_042.root",
    "/home/alang/ppCodes/part_gp/datasets/JetClass/Pythia/train_100M/TTBar_043.root",
    "/home/alang/ppCodes/part_gp/datasets/JetClass/Pythia/train_100M/TTBar_044.root",
    "/home/alang/ppCodes/part_gp/datasets/JetClass/Pythia/train_100M/TTBar_045.root",
    "/home/alang/ppCodes/part_gp/datasets/JetClass/Pythia/train_100M/TTBar_046.root",
    "/home/alang/ppCodes/part_gp/datasets/JetClass/Pythia/train_100M/TTBar_047.root",
    "/home/alang/ppCodes/part_gp/datasets/JetClass/Pythia/train_100M/TTBar_048.root",
    "/home/alang/ppCodes/part_gp/datasets/JetClass/Pythia/train_100M/TTBar_049.root",
    "/home/alang/ppCodes/part_gp/datasets/JetClass/Pythia/train_100M/TTBar_050.root",
    "/home/alang/ppCodes/part_gp/datasets/JetClass/Pythia/train_100M/TTBar_051.root",
    "/home/alang/ppCodes/part_gp/datasets/JetClass/Pythia/train_100M/TTBar_052.root",
    "/home/alang/ppCodes/part_gp/datasets/JetClass/Pythia/train_100M/TTBar_053.root",
    "/home/alang/ppCodes/part_gp/datasets/JetClass/Pythia/train_100M/TTBar_054.root",
    "/home/alang/ppCodes/part_gp/datasets/JetClass/Pythia/train_100M/TTBar_055.root",
    "/home/alang/ppCodes/part_gp/datasets/JetClass/Pythia/train_100M/TTBar_056.root",
    "/home/alang/ppCodes/part_gp/datasets/JetClass/Pythia/train_100M/TTBar_057.root",
    "/home/alang/ppCodes/part_gp/datasets/JetClass/Pythia/train_100M/TTBar_058.root",
    "/home/alang/ppCodes/part_gp/datasets/JetClass/Pythia/train_100M/TTBar_059.root",
    "/home/alang/ppCodes/part_gp/datasets/JetClass/Pythia/train_100M/TTBar_060.root",
    "/home/alang/ppCodes/part_gp/datasets/JetClass/Pythia/train_100M/TTBar_061.root",
    "/home/alang/ppCodes/part_gp/datasets/JetClass/Pythia/train_100M/TTBar_062.root",
    "/home/alang/ppCodes/part_gp/datasets/JetClass/Pythia/train_100M/TTBar_063.root",
    "/home/alang/ppCodes/part_gp/datasets/JetClass/Pythia/train_100M/TTBar_064.root",
    "/home/alang/ppCodes/part_gp/datasets/JetClass/Pythia/train_100M/TTBar_065.root",
    "/home/alang/ppCodes/part_gp/datasets/JetClass/Pythia/train_100M/TTBar_066.root",
    "/home/alang/ppCodes/part_gp/datasets/JetClass/Pythia/train_100M/TTBar_067.root",
    "/home/alang/ppCodes/part_gp/datasets/JetClass/Pythia/train_100M/TTBar_068.root",
    "/home/alang/ppCodes/part_gp/datasets/JetClass/Pythia/train_100M/TTBar_069.root",
    "/home/alang/ppCodes/part_gp/datasets/JetClass/Pythia/train_100M/TTBar_070.root",
    "/home/alang/ppCodes/part_gp/datasets/JetClass/Pythia/train_100M/TTBar_071.root",
    "/home/alang/ppCodes/part_gp/datasets/JetClass/Pythia/train_100M/TTBar_072.root",
    "/home/alang/ppCodes/part_gp/datasets/JetClass/Pythia/train_100M/TTBar_073.root",
    "/home/alang/ppCodes/part_gp/datasets/JetClass/Pythia/train_100M/TTBar_074.root",
    "/home/alang/ppCodes/part_gp/datasets/JetClass/Pythia/train_100M/TTBar_075.root",
    "/home/alang/ppCodes/part_gp/datasets/JetClass/Pythia/train_100M/TTBar_076.root",
    "/home/alang/ppCodes/part_gp/datasets/JetClass/Pythia/train_100M/TTBar_077.root",
    "/home/alang/ppCodes/part_gp/datasets/JetClass/Pythia/train_100M/TTBar_078.root",
    "/home/alang/ppCodes/part_gp/datasets/JetClass/Pythia/train_100M/TTBar_079.root",
    "/home/alang/ppCodes/part_gp/datasets/JetClass/Pythia/train_100M/TTBar_080.root",
    "/home/alang/ppCodes/part_gp/datasets/JetClass/Pythia/train_100M/TTBar_081.root",
    "/home/alang/ppCodes/part_gp/datasets/JetClass/Pythia/train_100M/TTBar_082.root",
    "/home/alang/ppCodes/part_gp/datasets/JetClass/Pythia/train_100M/TTBar_083.root",
    "/home/alang/ppCodes/part_gp/datasets/JetClass/Pythia/train_100M/TTBar_084.root",
    "/home/alang/ppCodes/part_gp/datasets/JetClass/Pythia/train_100M/TTBar_085.root",
    "/home/alang/ppCodes/part_gp/datasets/JetClass/Pythia/train_100M/TTBar_086.root",
    "/home/alang/ppCodes/part_gp/datasets/JetClass/Pythia/train_100M/TTBar_087.root",
    "/home/alang/ppCodes/part_gp/datasets/JetClass/Pythia/train_100M/TTBar_088.root",
    "/home/alang/ppCodes/part_gp/datasets/JetClass/Pythia/train_100M/TTBar_089.root",
    "/home/alang/ppCodes/part_gp/datasets/JetClass/Pythia/train_100M/TTBar_090.root",
    "/home/alang/ppCodes/part_gp/datasets/JetClass/Pythia/train_100M/TTBar_091.root",
    "/home/alang/ppCodes/part_gp/datasets/JetClass/Pythia/train_100M/TTBar_092.root",
    "/home/alang/ppCodes/part_gp/datasets/JetClass/Pythia/train_100M/TTBar_093.root",
    "/home/alang/ppCodes/part_gp/datasets/JetClass/Pythia/train_100M/TTBar_094.root",
    "/home/alang/ppCodes/part_gp/datasets/JetClass/Pythia/train_100M/TTBar_095.root",
    "/home/alang/ppCodes/part_gp/datasets/JetClass/Pythia/train_100M/TTBar_096.root",
    "/home/alang/ppCodes/part_gp/datasets/JetClass/Pythia/train_100M/TTBar_097.root",
    "/home/alang/ppCodes/part_gp/datasets/JetClass/Pythia/train_100M/TTBar_098.root",
    "/home/alang/ppCodes/part_gp/datasets/JetClass/Pythia/train_100M/TTBar_099.root"
  ],
  "ZJetsToNuNu": [
    "/home/alang/ppCodes/part_gp/datasets/JetClass/Pythia/train_100M/ZJetsToNuNu_000.root",
    "/home/alang/ppCodes/part_gp/datasets/JetClass/Pythia/train_100M/ZJetsToNuNu_001.root",
    "/home/alang/ppCodes/part_gp/datasets/JetClass/Pythia/train_100M/ZJetsToNuNu_002.root",
    "/home/alang/ppCodes/part_gp/datasets/JetClass/Pythia/train_100M/ZJetsToNuNu_003.root",
    "/home/alang/ppCodes/part_gp/datasets/JetClass/Pythia/train_100M/ZJetsToNuNu_004.root",
    "/home/alang/ppCodes/part_gp/datasets/JetClass/Pythia/train_100M/ZJetsToNuNu_005.root",
    "/home/alang/ppCodes/part_gp/datasets/JetClass/Pythia/train_100M/ZJetsToNuNu_006.root",
    "/home/alang/ppCodes/part_gp/datasets/JetClass/Pythia/train_100M/ZJetsToNuNu_007.root",
    "/home/alang/ppCodes/part_gp/datasets/JetClass/Pythia/train_100M/ZJetsToNuNu_008.root",
    "/home/alang/ppCodes/part_gp/datasets/JetClass/Pythia/train_100M/ZJetsToNuNu_009.root",
    "/home/alang/ppCodes/part_gp/datasets/JetClass/Pythia/train_100M/ZJetsToNuNu_010.root",
    "/home/alang/ppCodes/part_gp/datasets/JetClass/Pythia/train_100M/ZJetsToNuNu_011.root",
    "/home/alang/ppCodes/part_gp/datasets/JetClass/Pythia/train_100M/ZJetsToNuNu_012.root",
    "/home/alang/ppCodes/part_gp/datasets/JetClass/Pythia/train_100M/ZJetsToNuNu_013.root",
    "/home/alang/ppCodes/part_gp/datasets/JetClass/Pythia/train_100M/ZJetsToNuNu_014.root",
    "/home/alang/ppCodes/part_gp/datasets/JetClass/Pythia/train_100M/ZJetsToNuNu_015.root",
    "/home/alang/ppCodes/part_gp/datasets/JetClass/Pythia/train_100M/ZJetsToNuNu_016.root",
    "/home/alang/ppCodes/part_gp/datasets/JetClass/Pythia/train_100M/ZJetsToNuNu_017.root",
    "/home/alang/ppCodes/part_gp/datasets/JetClass/Pythia/train_100M/ZJetsToNuNu_018.root",
    "/home/alang/ppCodes/part_gp/datasets/JetClass/Pythia/train_100M/ZJetsToNuNu_019.root",
    "/home/alang/ppCodes/part_gp/datasets/JetClass/Pythia/train_100M/ZJetsToNuNu_020.root",
    "/home/alang/ppCodes/part_gp/datasets/JetClass/Pythia/train_100M/ZJetsToNuNu_021.root",
    "/home/alang/ppCodes/part_gp/datasets/JetClass/Pythia/train_100M/ZJetsToNuNu_022.root",
    "/home/alang/ppCodes/part_gp/datasets/JetClass/Pythia/train_100M/ZJetsToNuNu_023.root",
    "/home/alang/ppCodes/part_gp/datasets/JetClass/Pythia/train_100M/ZJetsToNuNu_024.root",
    "/home/alang/ppCodes/part_gp/datasets/JetClass/Pythia/train_100M/ZJetsToNuNu_025.root",
    "/home/alang/ppCodes/part_gp/datasets/JetClass/Pythia/train_100M/ZJetsToNuNu_026.root",
    "/home/alang/ppCodes/part_gp/datasets/JetClass/Pythia/train_100M/ZJetsToNuNu_027.root",
    "/home/alang/ppCodes/part_gp/datasets/JetClass/Pythia/train_100M/ZJetsToNuNu_028.root",
    "/home/alang/ppCodes/part_gp/datasets/JetClass/Pythia/train_100M/ZJetsToNuNu_029.root",
    "/home/alang/ppCodes/part_gp/datasets/JetClass/Pythia/train_100M/ZJetsToNuNu_030.root",
    "/home/alang/ppCodes/part_gp/datasets/JetClass/Pythia/train_100M/ZJetsToNuNu_031.root",
    "/home/alang/ppCodes/part_gp/datasets/JetClass/Pythia/train_100M/ZJetsToNuNu_032.root",
    "/home/alang/ppCodes/part_gp/datasets/JetClass/Pythia/train_100M/ZJetsToNuNu_033.root",
    "/home/alang/ppCodes/part_gp/datasets/JetClass/Pythia/train_100M/ZJetsToNuNu_034.root",
    "/home/alang/ppCodes/part_gp/datasets/JetClass/Pythia/train_100M/ZJetsToNuNu_035.root",
    "/home/alang/ppCodes/part_gp/datasets/JetClass/Pythia/train_100M/ZJetsToNuNu_036.root",
    "/home/alang/ppCodes/part_gp/datasets/JetClass/Pythia/train_100M/ZJetsToNuNu_037.root",
    "/home/alang/ppCodes/part_gp/datasets/JetClass/Pythia/train_100M/ZJetsToNuNu_038.root",
    "/home/alang/ppCodes/part_gp/datasets/JetClass/Pythia/train_100M/ZJetsToNuNu_039.root",
    "/home/alang/ppCodes/part_gp/datasets/JetClass/Pythia/train_100M/ZJetsToNuNu_040.root",
    "/home/alang/ppCodes/part_gp/datasets/JetClass/Pythia/train_100M/ZJetsToNuNu_041.root",
    "/home/alang/ppCodes/part_gp/datasets/JetClass/Pythia/train_100M/ZJetsToNuNu_042.root",
    "/home/alang/ppCodes/part_gp/datasets/JetClass/Pythia/train_100M/ZJetsToNuNu_043.root",
    "/home/alang/ppCodes/part_gp/datasets/JetClass/Pythia/train_100M/ZJetsToNuNu_044.root",
    "/home/alang/ppCodes/part_gp/datasets/JetClass/Pythia/train_100M/ZJetsToNuNu_045.root",
    "/home/alang/ppCodes/part_gp/datasets/JetClass/Pythia/train_100M/ZJetsToNuNu_046.root",
    "/home/alang/ppCodes/part_gp/datasets/JetClass/Pythia/train_100M/ZJetsToNuNu_047.root",
    "/home/alang/ppCodes/part_gp/datasets/JetClass/Pythia/train_100M/ZJetsToNuNu_048.root",
    "/home/alang/ppCodes/part_gp/datasets/JetClass/Pythia/train_100M/ZJetsToNuNu_049.root",
    "/home/alang/ppCodes/part_gp/datasets/JetClass/Pythia/train_100M/ZJetsToNuNu_050.root",
    "/home/alang/ppCodes/part_gp/datasets/JetClass/Pythia/train_100M/ZJetsToNuNu_051.root",
    "/home/alang/ppCodes/part_gp/datasets/JetClass/Pythia/train_100M/ZJetsToNuNu_052.root",
    "/home/alang/ppCodes/part_gp/datasets/JetClass/Pythia/train_100M/ZJetsToNuNu_053.root",
    "/home/alang/ppCodes/part_gp/datasets/JetClass/Pythia/train_100M/ZJetsToNuNu_054.root",
    "/home/alang/ppCodes/part_gp/datasets/JetClass/Pythia/train_100M/ZJetsToNuNu_055.root",
    "/home/alang/ppCodes/part_gp/datasets/JetClass/Pythia/train_100M/ZJetsToNuNu_056.root",
    "/home/alang/ppCodes/part_gp/datasets/JetClass/Pythia/train_100M/ZJetsToNuNu_057.root",
    "/home/alang/ppCodes/part_gp/datasets/JetClass/Pythia/train_100M/ZJetsToNuNu_058.root",
    "/home/alang/ppCodes/part_gp/datasets/JetClass/Pythia/train_100M/ZJetsToNuNu_059.root",
    "/home/alang/ppCodes/part_gp/datasets/JetClass/Pythia/train_100M/ZJetsToNuNu_060.root",
    "/home/alang/ppCodes/part_gp/datasets/JetClass/Pythia/train_100M/ZJetsToNuNu_061.root",
    "/home/alang/ppCodes/part_gp/datasets/JetClass/Pythia/train_100M/ZJetsToNuNu_062.root",
    "/home/alang/ppCodes/part_gp/datasets/JetClass/Pythia/train_100M/ZJetsToNuNu_063.root",
    "/home/alang/ppCodes/part_gp/datasets/JetClass/Pythia/train_100M/ZJetsToNuNu_064.root",
    "/home/alang/ppCodes/part_gp/datasets/JetClass/Pythia/train_100M/ZJetsToNuNu_065.root",
    "/home/alang/ppCodes/part_gp/datasets/JetClass/Pythia/train_100M/ZJetsToNuNu_066.root",
    "/home/alang/ppCodes/part_gp/datasets/JetClass/Pythia/train_100M/ZJetsToNuNu_067.root",
    "/home/alang/ppCodes/part_gp/datasets/JetClass/Pythia/train_100M/ZJetsToNuNu_068.root",
    "/home/alang/ppCodes/part_gp/datasets/JetClass/Pythia/train_100M/ZJetsToNuNu_069.root",
    "/home/alang/ppCodes/part_gp/datasets/JetClass/Pythia/train_100M/ZJetsToNuNu_070.root",
    "/home/alang/ppCodes/part_gp/datasets/JetClass/Pythia/train_100M/ZJetsToNuNu_071.root",
    "/home/alang/ppCodes/part_gp/datasets/JetClass/Pythia/train_100M/ZJetsToNuNu_072.root",
    "/home/alang/ppCodes/part_gp/datasets/JetClass/Pythia/train_100M/ZJetsToNuNu_073.root",
    "/home/alang/ppCodes/part_gp/datasets/JetClass/Pythia/train_100M/ZJetsToNuNu_074.root",
    "/home/alang/ppCodes/part_gp/datasets/JetClass/Pythia/train_100M/ZJetsToNuNu_075.root",
    "/home/alang/ppCodes/part_gp/datasets/JetClass/Pythia/train_100M/ZJetsToNuNu_076.root",
    "/home/alang/ppCodes/part_gp/datasets/JetClass/Pythia/train_100M/ZJetsToNuNu_077.root",
    "/home/alang/ppCodes/part_gp/datasets/JetClass/Pythia/train_100M/ZJetsToNuNu_078.root",
    "/home/alang/ppCodes/part_gp/datasets/JetClass/Pythia/train_100M/ZJetsToNuNu_079.root",
    "/home/alang/ppCodes/part_gp/datasets/JetClass/Pythia/train_100M/ZJetsToNuNu_080.root",
    "/home/alang/ppCodes/part_gp/datasets/JetClass/Pythia/train_100M/ZJetsToNuNu_081.root",
    "/home/alang/ppCodes/part_gp/datasets/JetClass/Pythia/train_100M/ZJetsToNuNu_082.root",
    "/home/alang/ppCodes/part_gp/datasets/JetClass/Pythia/train_100M/ZJetsToNuNu_083.root",
    "/home/alang/ppCodes/part_gp/datasets/JetClass/Pythia/train_100M/ZJetsToNuNu_084.root",
    "/home/alang/ppCodes/part_gp/datasets/JetClass/Pythia/train_100M/ZJetsToNuNu_085.root",
    "/home/alang/ppCodes/part_gp/datasets/JetClass/Pythia/train_100M/ZJetsToNuNu_086.root",
    "/home/alang/ppCodes/part_gp/datasets/JetClass/Pythia/train_100M/ZJetsToNuNu_087.root",
    "/home/alang/ppCodes/part_gp/datasets/JetClass/Pythia/train_100M/ZJetsToNuNu_088.root",
    "/home/alang/ppCodes/part_gp/datasets/JetClass/Pythia/train_100M/ZJetsToNuNu_089.root",
    "/home/alang/ppCodes/part_gp/datasets/JetClass/Pythia/train_100M/ZJetsToNuNu_090.root",
    "/home/alang/ppCodes/part_gp/datasets/JetClass/Pythia/train_100M/ZJetsToNuNu_091.root",
    "/home/alang/ppCodes/part_gp/datasets/JetClass/Pythia/train_100M/ZJetsToNuNu_092.root",
    "/home/alang/ppCodes/part_gp/datasets/JetClass/Pythia/train_100M/ZJetsToNuNu_093.root",
    "/home/alang/ppCodes/part_gp/datasets/JetClass/Pythia/train_100M/ZJetsToNuNu_094.root",
    "/home/alang/ppCodes/part_gp/datasets/JetClass/Pythia/train_100M/ZJetsToNuNu_095.root",
    "/home/alang/ppCodes/part_gp/datasets/JetClass/Pythia/train_100M/ZJetsToNuNu_096.root",
    "/home/alang/ppCodes/part_gp/datasets/JetClass/Pythia/train_100M/ZJetsToNuNu_097.root",
    "/home/alang/ppCodes/part_gp/datasets/JetClass/Pythia/train_100M/ZJetsToNuNu_098.root",
    "/home/alang/ppCodes/part_gp/datasets/JetClass/Pythia/train_100M/ZJetsToNuNu_099.root"
  ]
}
